First Name,Last Name,Phone,Email,Country,AnnualSpend,Account Number,Account Name
Jane,Moore,555-2001,jane.moore.acctref.0001@example.com,Ireland,10000,ACCT-1001,Acme Corp
John,Walker,555-2002,john.walker.acctref.0002@example.com,Australia,12000,ACCT-1002,Global Media
Alex,Green,555-2003,alex.green.acctref.0003@example.com,Canada,5000,ACCT-1003,Northstar Systems
Sam,Taylor,555-2004,sam.taylor.acctref.0004@example.com,France,2500,ACCT-1004,Blue Ridge Consulting
Chris,Harris,555-2005,chris.harris.acctref.0005@example.com,UK,15000,ACCT-1005,Vertex Manufacturing
Taylor,King,555-2006,taylor.king.acctref.0006@example.com,Germany,25000,ACCT-1006,Summit Retail
Jordan,Smith,555-2007,jordan.smith.acctref.0007@example.com,US,15000,ACCT-1007,Pioneer Logistics
Morgan,Martin,555-2008,morgan.martin.acctref.0008@example.com,Ireland,25000,ACCT-1008,Brightline Software
Casey,Hall,555-2009,casey.hall.acctref.0009@example.com,Australia,12000,ACCT-1009,Oak & Stone Ltd
Riley,Baker,555-2010,riley.baker.acctref.0010@example.com,Canada,12000,ACCT-1010,Riverbend Finance
Jamie,Anderson,555-2011,jamie.anderson.acctref.0011@example.com,France,12000,ACCT-1011,Atlas Healthcare
Avery,Clark,555-2012,avery.clark.acctref.0012@example.com,UK,12000,ACCT-1012,Cedar Grove Energy
Quinn,Wright,555-2013,quinn.wright.acctref.0013@example.com,Germany,15000,ACCT-1013,Horizon Education
Drew,Johnson,555-2014,drew.johnson.acctref.0014@example.com,US,30000,ACCT-1014,Silverline Telecom
Cameron,Jackson,555-2015,cameron.jackson.acctref.0015@example.com,Ireland,5000,ACCT-1015,Redwood Partners
Reese,Allen,555-2016,reese.allen.acctref.0016@example.com,Australia,7500,ACCT-1016,Maple Leaf Foods
Parker,Adams,555-2017,parker.adams.acctref.0017@example.com,Canada,2500,ACCT-1017,Urban Peak Design
Rowan,Thomas,555-2018,rowan.thomas.acctref.0018@example.com,France,20000,ACCT-1018,Keystone Services
Finley,Lewis,555-2019,finley.lewis.acctref.0019@example.com,UK,20000,ACCT-1019,Lighthouse Labs
Harper,Scott,555-2020,harper.scott.acctref.0020@example.com,Germany,15000,ACCT-1020,Evergreen Markets
Blake,Brown,555-2021,blake.brown.acctref.0021@example.com,US,15000,ACCT-1001,Acme Corp
Emerson,White,555-2022,emerson.white.acctref.0022@example.com,Ireland,20000,ACCT-1002,Global Media
Skyler,Young,555-2023,skyler.young.acctref.0023@example.com,Australia,5000,ACCT-1003,Northstar Systems
Bailey,Doe,555-2024,bailey.doe.acctref.0024@example.com,Canada,10000,ACCT-1004,Blue Ridge Consulting
Jane,Moore,555-2025,jane.moore.acctref.0025@example.com,France,25000,ACCT-1005,Vertex Manufacturing
John,Walker,555-2026,john.walker.acctref.0026@example.com,UK,12000,ACCT-1006,Summit Retail
Alex,Green,555-2027,alex.green.acctref.0027@example.com,Germany,7500,ACCT-1007,Pioneer Logistics
Sam,Taylor,555-2028,sam.taylor.acctref.0028@example.com,US,15000,ACCT-1008,Brightline Software
Chris,Harris,555-2029,chris.harris.acctref.0029@example.com,Ireland,15000,ACCT-1009,Oak & Stone Ltd
Taylor,King,555-2030,taylor.king.acctref.0030@example.com,Australia,2500,ACCT-1010,Riverbend Finance
Jordan,Smith,555-2031,jordan.smith.acctref.0031@example.com,Canada,20000,ACCT-1011,Atlas Healthcare
Morgan,Martin,555-2032,morgan.martin.acctref.0032@example.com,France,10000,ACCT-1012,Cedar Grove Energy
Casey,Hall,555-2033,casey.hall.acctref.0033@example.com,UK,15000,ACCT-1013,Horizon Education
Riley,Baker,555-2034,riley.baker.acctref.0034@example.com,Germany,25000,ACCT-1014,Silverline Telecom
Jamie,Anderson,555-2035,jamie.anderson.acctref.0035@example.com,US,20000,ACCT-1015,Redwood Partners
Avery,Clark,555-2036,avery.clark.acctref.0036@example.com,Ireland,10000,ACCT-1016,Maple Leaf Foods
Quinn,Wright,555-2037,quinn.wright.acctref.0037@example.com,Australia,15000,ACCT-1017,Urban Peak Design
Drew,Johnson,555-2038,drew.johnson.acctref.0038@example.com,Canada,15000,ACCT-1018,Keystone Services
Cameron,Jackson,555-2039,cameron.jackson.acctref.0039@example.com,France,25000,ACCT-1019,Lighthouse Labs
Reese,Allen,555-2040,reese.allen.acctref.0040@example.com,UK,20000,ACCT-1020,Evergreen Markets
Parker,Adams,555-2041,parker.adams.acctref.0041@example.com,Germany,7500,ACCT-1001,Acme Corp
Rowan,Thomas,555-2042,rowan.thomas.acctref.0042@example.com,US,2500,ACCT-1002,Global Media
Finley,Lewis,555-2043,finley.lewis.acctref.0043@example.com,Ireland,10000,ACCT-1003,Northstar Systems
Harper,Scott,555-2044,harper.scott.acctref.0044@example.com,Australia,2500,ACCT-1004,Blue Ridge Consulting
Blake,Brown,555-2045,blake.brown.acctref.0045@example.com,Canada,2500,ACCT-1005,Vertex Manufacturing
Emerson,White,555-2046,emerson.white.acctref.0046@example.com,France,30000,ACCT-1006,Summit Retail
Skyler,Young,555-2047,skyler.young.acctref.0047@example.com,UK,20000,ACCT-1007,Pioneer Logistics
Bailey,Doe,555-2048,bailey.doe.acctref.0048@example.com,Germany,7500,ACCT-1008,Brightline Software
Jane,Moore,555-2049,jane.moore.acctref.0049@example.com,US,7500,ACCT-1009,Oak & Stone Ltd
John,Walker,555-2050,john.walker.acctref.0050@example.com,Ireland,5000,ACCT-1010,Riverbend Finance
Alex,Green,555-2051,alex.green.acctref.0051@example.com,Australia,10000,ACCT-1011,Atlas Healthcare
Sam,Taylor,555-2052,sam.taylor.acctref.0052@example.com,Canada,25000,ACCT-1012,Cedar Grove Energy
Chris,Harris,555-2053,chris.harris.acctref.0053@example.com,France,12000,ACCT-1013,Horizon Education
Taylor,King,555-2054,taylor.king.acctref.0054@example.com,UK,30000,ACCT-1014,Silverline Telecom
Jordan,Smith,555-2055,jordan.smith.acctref.0055@example.com,Germany,15000,ACCT-1015,Redwood Partners
Morgan,Martin,555-2056,morgan.martin.acctref.0056@example.com,US,20000,ACCT-1016,Maple Leaf Foods
Casey,Hall,555-2057,casey.hall.acctref.0057@example.com,Ireland,25000,ACCT-1017,Urban Peak Design
Riley,Baker,555-2058,riley.baker.acctref.0058@example.com,Australia,10000,ACCT-1018,Keystone Services
Jamie,Anderson,555-2059,jamie.anderson.acctref.0059@example.com,Canada,12000,ACCT-1019,Lighthouse Labs
Avery,Clark,555-2060,avery.clark.acctref.0060@example.com,France,20000,ACCT-1020,Evergreen Markets
Quinn,Wright,555-2061,quinn.wright.acctref.0061@example.com,UK,30000,ACCT-1001,Acme Corp
Drew,Johnson,555-2062,drew.johnson.acctref.0062@example.com,Germany,20000,ACCT-1002,Global Media
Cameron,Jackson,555-2063,cameron.jackson.acctref.0063@example.com,US,20000,ACCT-1003,Northstar Systems
Reese,Allen,555-2064,reese.allen.acctref.0064@example.com,Ireland,20000,ACCT-1004,Blue Ridge Consulting
Parker,Adams,555-2065,parker.adams.acctref.0065@example.com,Australia,12000,ACCT-1005,Vertex Manufacturing
Rowan,Thomas,555-2066,rowan.thomas.acctref.0066@example.com,Canada,15000,ACCT-1006,Summit Retail
Finley,Lewis,555-2067,finley.lewis.acctref.0067@example.com,France,30000,ACCT-1007,Pioneer Logistics
Harper,Scott,555-2068,harper.scott.acctref.0068@example.com,UK,10000,ACCT-1008,Brightline Software
Blake,Brown,555-2069,blake.brown.acctref.0069@example.com,Germany,2500,ACCT-1009,Oak & Stone Ltd
Emerson,White,555-2070,emerson.white.acctref.0070@example.com,US,15000,ACCT-1010,Riverbend Finance
Skyler,Young,555-2071,skyler.young.acctref.0071@example.com,Ireland,2500,ACCT-1011,Atlas Healthcare
Bailey,Doe,555-2072,bailey.doe.acctref.0072@example.com,Australia,2500,ACCT-1012,Cedar Grove Energy
Jane,Moore,555-2073,jane.moore.acctref.0073@example.com,Canada,2500,ACCT-1013,Horizon Education
John,Walker,555-2074,john.walker.acctref.0074@example.com,France,30000,ACCT-1014,Silverline Telecom
Alex,Green,555-2075,alex.green.acctref.0075@example.com,UK,30000,ACCT-1015,Redwood Partners
Sam,Taylor,555-2076,sam.taylor.acctref.0076@example.com,Germany,20000,ACCT-1016,Maple Leaf Foods
Chris,Harris,555-2077,chris.harris.acctref.0077@example.com,US,30000,ACCT-1017,Urban Peak Design
Taylor,King,555-2078,taylor.king.acctref.0078@example.com,Ireland,7500,ACCT-1018,Keystone Services
Jordan,Smith,555-2079,jordan.smith.acctref.0079@example.com,Australia,15000,ACCT-1019,Lighthouse Labs
Morgan,Martin,555-2080,morgan.martin.acctref.0080@example.com,Canada,15000,ACCT-1020,Evergreen Markets
Casey,Hall,555-2081,casey.hall.acctref.0081@example.com,France,30000,ACCT-1001,Acme Corp
Riley,Baker,555-2082,riley.baker.acctref.0082@example.com,UK,15000,ACCT-1002,Global Media
Jamie,Anderson,555-2083,jamie.anderson.acctref.0083@example.com,Germany,20000,ACCT-1003,Northstar Systems
Avery,Clark,555-2084,avery.clark.acctref.0084@example.com,US,2500,ACCT-1004,Blue Ridge Consulting
Quinn,Wright,555-2085,quinn.wright.acctref.0085@example.com,Ireland,20000,ACCT-1005,Vertex Manufacturing
Drew,Johnson,555-2086,drew.johnson.acctref.0086@example.com,Australia,12000,ACCT-1006,Summit Retail
Cameron,Jackson,555-2087,cameron.jackson.acctref.0087@example.com,Canada,10000,ACCT-1007,Pioneer Logistics
Reese,Allen,555-2088,reese.allen.acctref.0088@example.com,France,12000,ACCT-1008,Brightline Software
Parker,Adams,555-2089,parker.adams.acctref.0089@example.com,UK,30000,ACCT-1009,Oak & Stone Ltd
Rowan,Thomas,555-2090,rowan.thomas.acctref.0090@example.com,Germany,10000,ACCT-1010,Riverbend Finance
Finley,Lewis,555-2091,finley.lewis.acctref.0091@example.com,US,2500,ACCT-1011,Atlas Healthcare
Harper,Scott,555-2092,harper.scott.acctref.0092@example.com,Ireland,2500,ACCT-1012,Cedar Grove Energy
Blake,Brown,555-2093,blake.brown.acctref.0093@example.com,Australia,7500,ACCT-1013,Horizon Education
Emerson,White,555-2094,emerson.white.acctref.0094@example.com,Canada,15000,ACCT-1014,Silverline Telecom
Skyler,Young,555-2095,skyler.young.acctref.0095@example.com,France,10000,ACCT-1015,Redwood Partners
Bailey,Doe,555-2096,bailey.doe.acctref.0096@example.com,UK,5000,ACCT-1016,Maple Leaf Foods
Jane,Moore,555-2097,jane.moore.acctref.0097@example.com,Germany,10000,ACCT-1017,Urban Peak Design
John,Walker,555-2098,john.walker.acctref.0098@example.com,US,15000,ACCT-1018,Keystone Services
Alex,Green,555-2099,alex.green.acctref.0099@example.com,Ireland,7500,ACCT-1019,Lighthouse Labs
Sam,Taylor,555-2100,sam.taylor.acctref.0100@example.com,Australia,7500,ACCT-1020,Evergreen Markets
Chris,Harris,555-2101,chris.harris.acctref.0101@example.com,Canada,10000,ACCT-1001,Acme Corp
Taylor,King,555-2102,taylor.king.acctref.0102@example.com,France,5000,ACCT-1002,Global Media
Jordan,Smith,555-2103,jordan.smith.acctref.0103@example.com,UK,30000,ACCT-1003,Northstar Systems
Morgan,Martin,555-2104,morgan.martin.acctref.0104@example.com,Germany,15000,ACCT-1004,Blue Ridge Consulting
Casey,Hall,555-2105,casey.hall.acctref.0105@example.com,US,20000,ACCT-1005,Vertex Manufacturing
Riley,Baker,555-2106,riley.baker.acctref.0106@example.com,Ireland,7500,ACCT-1006,Summit Retail
Jamie,Anderson,555-2107,jamie.anderson.acctref.0107@example.com,Australia,5000,ACCT-1007,Pioneer Logistics
Avery,Clark,555-2108,avery.clark.acctref.0108@example.com,Canada,2500,ACCT-1008,Brightline Software
Quinn,Wright,555-2109,quinn.wright.acctref.0109@example.com,France,20000,ACCT-1009,Oak & Stone Ltd
Drew,Johnson,555-2110,drew.johnson.acctref.0110@example.com,UK,30000,ACCT-1010,Riverbend Finance
Cameron,Jackson,555-2111,cameron.jackson.acctref.0111@example.com,Germany,10000,ACCT-1011,Atlas Healthcare
Reese,Allen,555-2112,reese.allen.acctref.0112@example.com,US,20000,ACCT-1012,Cedar Grove Energy
Parker,Adams,555-2113,parker.adams.acctref.0113@example.com,Ireland,30000,ACCT-1013,Horizon Education
Rowan,Thomas,555-2114,rowan.thomas.acctref.0114@example.com,Australia,20000,ACCT-1014,Silverline Telecom
Finley,Lewis,555-2115,finley.lewis.acctref.0115@example.com,Canada,7500,ACCT-1015,Redwood Partners
Harper,Scott,555-2116,harper.scott.acctref.0116@example.com,France,2500,ACCT-1016,Maple Leaf Foods
Blake,Brown,555-2117,blake.brown.acctref.0117@example.com,UK,10000,ACCT-1017,Urban Peak Design
Emerson,White,555-2118,emerson.white.acctref.0118@example.com,Germany,30000,ACCT-1018,Keystone Services
Skyler,Young,555-2119,skyler.young.acctref.0119@example.com,US,25000,ACCT-1019,Lighthouse Labs
Bailey,Doe,555-2120,bailey.doe.acctref.0120@example.com,Ireland,7500,ACCT-1020,Evergreen Markets
Jane,Moore,555-2121,jane.moore.acctref.0121@example.com,Australia,25000,ACCT-1001,Acme Corp
John,Walker,555-2122,john.walker.acctref.0122@example.com,Canada,2500,ACCT-1002,Global Media
Alex,Green,555-2123,alex.green.acctref.0123@example.com,France,7500,ACCT-1003,Northstar Systems
Sam,Taylor,555-2124,sam.taylor.acctref.0124@example.com,UK,30000,ACCT-1004,Blue Ridge Consulting
Chris,Harris,555-2125,chris.harris.acctref.0125@example.com,Germany,15000,ACCT-1005,Vertex Manufacturing
Taylor,King,555-2126,taylor.king.acctref.0126@example.com,US,25000,ACCT-1006,Summit Retail
Jordan,Smith,555-2127,jordan.smith.acctref.0127@example.com,Ireland,30000,ACCT-1007,Pioneer Logistics
Morgan,Martin,555-2128,morgan.martin.acctref.0128@example.com,Australia,2500,ACCT-1008,Brightline Software
Casey,Hall,555-2129,casey.hall.acctref.0129@example.com,Canada,12000,ACCT-1009,Oak & Stone Ltd
Riley,Baker,555-2130,riley.baker.acctref.0130@example.com,France,10000,ACCT-1010,Riverbend Finance
Jamie,Anderson,555-2131,jamie.anderson.acctref.0131@example.com,UK,20000,ACCT-1011,Atlas Healthcare
Avery,Clark,555-2132,avery.clark.acctref.0132@example.com,Germany,2500,ACCT-1012,Cedar Grove Energy
Quinn,Wright,555-2133,quinn.wright.acctref.0133@example.com,US,20000,ACCT-1013,Horizon Education
Drew,Johnson,555-2134,drew.johnson.acctref.0134@example.com,Ireland,10000,ACCT-1014,Silverline Telecom
Cameron,Jackson,555-2135,cameron.jackson.acctref.0135@example.com,Australia,7500,ACCT-1015,Redwood Partners
Reese,Allen,555-2136,reese.allen.acctref.0136@example.com,Canada,20000,ACCT-1016,Maple Leaf Foods
Parker,Adams,555-2137,parker.adams.acctref.0137@example.com,France,30000,ACCT-1017,Urban Peak Design
Rowan,Thomas,555-2138,rowan.thomas.acctref.0138@example.com,UK,30000,ACCT-1018,Keystone Services
Finley,Lewis,555-2139,finley.lewis.acctref.0139@example.com,Germany,2500,ACCT-1019,Lighthouse Labs
Harper,Scott,555-2140,harper.scott.acctref.0140@example.com,US,7500,ACCT-1020,Evergreen Markets
Blake,Brown,555-2141,blake.brown.acctref.0141@example.com,Ireland,20000,ACCT-1001,Acme Corp
Emerson,White,555-2142,emerson.white.acctref.0142@example.com,Australia,25000,ACCT-1002,Global Media
Skyler,Young,555-2143,skyler.young.acctref.0143@example.com,Canada,12000,ACCT-1003,Northstar Systems
Bailey,Doe,555-2144,bailey.doe.acctref.0144@example.com,France,25000,ACCT-1004,Blue Ridge Consulting
Jane,Moore,555-2145,jane.moore.acctref.0145@example.com,UK,25000,ACCT-1005,Vertex Manufacturing
John,Walker,555-2146,john.walker.acctref.0146@example.com,Germany,25000,ACCT-1006,Summit Retail
Alex,Green,555-2147,alex.green.acctref.0147@example.com,US,10000,ACCT-1007,Pioneer Logistics
Sam,Taylor,555-2148,sam.taylor.acctref.0148@example.com,Ireland,15000,ACCT-1008,Brightline Software
Chris,Harris,555-2149,chris.harris.acctref.0149@example.com,Australia,25000,ACCT-1009,Oak & Stone Ltd
Taylor,King,555-2150,taylor.king.acctref.0150@example.com,Canada,5000,ACCT-1010,Riverbend Finance
Jordan,Smith,555-2151,jordan.smith.acctref.0151@example.com,France,20000,ACCT-1011,Atlas Healthcare
Morgan,Martin,555-2152,morgan.martin.acctref.0152@example.com,UK,20000,ACCT-1012,Cedar Grove Energy
Casey,Hall,555-2153,casey.hall.acctref.0153@example.com,Germany,25000,ACCT-1013,Horizon Education
Riley,Baker,555-2154,riley.baker.acctref.0154@example.com,US,25000,ACCT-1014,Silverline Telecom
Jamie,Anderson,555-2155,jamie.anderson.acctref.0155@example.com,Ireland,30000,ACCT-1015,Redwood Partners
Avery,Clark,555-2156,avery.clark.acctref.0156@example.com,Australia,7500,ACCT-1016,Maple Leaf Foods
Quinn,Wright,555-2157,quinn.wright.acctref.0157@example.com,Canada,15000,ACCT-1017,Urban Peak Design
Drew,Johnson,555-2158,drew.johnson.acctref.0158@example.com,France,25000,ACCT-1018,Keystone Services
Cameron,Jackson,555-2159,cameron.jackson.acctref.0159@example.com,UK,25000,ACCT-1019,Lighthouse Labs
Reese,Allen,555-2160,reese.allen.acctref.0160@example.com,Germany,25000,ACCT-1020,Evergreen Markets
Parker,Adams,555-2161,parker.adams.acctref.0161@example.com,US,2500,ACCT-1001,Acme Corp
Rowan,Thomas,555-2162,rowan.thomas.acctref.0162@example.com,Ireland,10000,ACCT-1002,Global Media
Finley,Lewis,555-2163,finley.lewis.acctref.0163@example.com,Australia,15000,ACCT-1003,Northstar Systems
Harper,Scott,555-2164,harper.scott.acctref.0164@example.com,Canada,10000,ACCT-1004,Blue Ridge Consulting
Blake,Brown,555-2165,blake.brown.acctref.0165@example.com,France,20000,ACCT-1005,Vertex Manufacturing
Emerson,White,555-2166,emerson.white.acctref.0166@example.com,UK,15000,ACCT-1006,Summit Retail
Skyler,Young,555-2167,skyler.young.acctref.0167@example.com,Germany,30000,ACCT-1007,Pioneer Logistics
Bailey,Doe,555-2168,bailey.doe.acctref.0168@example.com,US,7500,ACCT-1008,Brightline Software
Jane,Moore,555-2169,jane.moore.acctref.0169@example.com,Ireland,10000,ACCT-1009,Oak & Stone Ltd
John,Walker,555-2170,john.walker.acctref.0170@example.com,Australia,30000,ACCT-1010,Riverbend Finance
Alex,Green,555-2171,alex.green.acctref.0171@example.com,Canada,10000,ACCT-1011,Atlas Healthcare
Sam,Taylor,555-2172,sam.taylor.acctref.0172@example.com,France,15000,ACCT-1012,Cedar Grove Energy
Chris,Harris,555-2173,chris.harris.acctref.0173@example.com,UK,2500,ACCT-1013,Horizon Education
Taylor,King,555-2174,taylor.king.acctref.0174@example.com,Germany,12000,ACCT-1014,Silverline Telecom
Jordan,Smith,555-2175,jordan.smith.acctref.0175@example.com,US,15000,ACCT-1015,Redwood Partners
Morgan,Martin,555-2176,morgan.martin.acctref.0176@example.com,Ireland,15000,ACCT-1016,Maple Leaf Foods
Casey,Hall,555-2177,casey.hall.acctref.0177@example.com,Australia,10000,ACCT-1017,Urban Peak Design
Riley,Baker,555-2178,riley.baker.acctref.0178@example.com,Canada,20000,ACCT-1018,Keystone Services
Jamie,Anderson,555-2179,jamie.anderson.acctref.0179@example.com,France,20000,ACCT-1019,Lighthouse Labs
Avery,Clark,555-2180,avery.clark.acctref.0180@example.com,UK,15000,ACCT-1020,Evergreen Markets
Quinn,Wright,555-2181,quinn.wright.acctref.0181@example.com,Germany,15000,ACCT-1001,Acme Corp
Drew,Johnson,555-2182,drew.johnson.acctref.0182@example.com,US,10000,ACCT-1002,Global Media
Cameron,Jackson,555-2183,cameron.jackson.acctref.0183@example.com,Ireland,15000,ACCT-1003,Northstar Systems
Reese,Allen,555-2184,reese.allen.acctref.0184@example.com,Australia,10000,ACCT-1004,Blue Ridge Consulting
Parker,Adams,555-2185,parker.adams.acctref.0185@example.com,Canada,10000,ACCT-1005,Vertex Manufacturing
Rowan,Thomas,555-2186,rowan.thomas.acctref.0186@example.com,France,20000,ACCT-1006,Summit Retail
Finley,Lewis,555-2187,finley.lewis.acctref.0187@example.com,UK,12000,ACCT-1007,Pioneer Logistics
Harper,Scott,555-2188,harper.scott.acctref.0188@example.com,Germany,2500,ACCT-1008,Brightline Software
Blake,Brown,555-2189,blake.brown.acctref.0189@example.com,US,15000,ACCT-1009,Oak & Stone Ltd
Emerson,White,555-2190,emerson.white.acctref.0190@example.com,Ireland,10000,ACCT-1010,Riverbend Finance
Skyler,Young,555-2191,skyler.young.acctref.0191@example.com,Australia,12000,ACCT-1011,Atlas Healthcare
Bailey,Doe,555-2192,bailey.doe.acctref.0192@example.com,Canada,2500,ACCT-1012,Cedar Grove Energy
Jane,Moore,555-2193,jane.moore.acctref.0193@example.com,France,25000,ACCT-1013,Horizon Education
John,Walker,555-2194,john.walker.acctref.0194@example.com,UK,5000,ACCT-1014,Silverline Telecom
Alex,Green,555-2195,alex.green.acctref.0195@example.com,Germany,10000,ACCT-1015,Redwood Partners
Sam,Taylor,555-2196,sam.taylor.acctref.0196@example.com,US,10000,ACCT-1016,Maple Leaf Foods
Chris,Harris,555-2197,chris.harris.acctref.0197@example.com,Ireland,10000,ACCT-1017,Urban Peak Design
Taylor,King,555-2198,taylor.king.acctref.0198@example.com,Australia,20000,ACCT-1018,Keystone Services
Jordan,Smith,555-2199,jordan.smith.acctref.0199@example.com,Canada,5000,ACCT-1019,Lighthouse Labs
Morgan,Martin,555-2200,morgan.martin.acctref.0200@example.com,France,5000,ACCT-1020,Evergreen Markets
Casey,Hall,555-2201,casey.hall.acctref.0201@example.com,UK,2500,ACCT-1001,Acme Corp
Riley,Baker,555-2202,riley.baker.acctref.0202@example.com,Germany,12000,ACCT-1002,Global Media
Jamie,Anderson,555-2203,jamie.anderson.acctref.0203@example.com,US,10000,ACCT-1003,Northstar Systems
Avery,Clark,555-2204,avery.clark.acctref.0204@example.com,Ireland,30000,ACCT-1004,Blue Ridge Consulting
Quinn,Wright,555-2205,quinn.wright.acctref.0205@example.com,Australia,12000,ACCT-1005,Vertex Manufacturing
Drew,Johnson,555-2206,drew.johnson.acctref.0206@example.com,Canada,20000,ACCT-1006,Summit Retail
Cameron,Jackson,555-2207,cameron.jackson.acctref.0207@example.com,France,25000,ACCT-1007,Pioneer Logistics
Reese,Allen,555-2208,reese.allen.acctref.0208@example.com,UK,12000,ACCT-1008,Brightline Software
Parker,Adams,555-2209,parker.adams.acctref.0209@example.com,Germany,2500,ACCT-1009,Oak & Stone Ltd
Rowan,Thomas,555-2210,rowan.thomas.acctref.0210@example.com,US,30000,ACCT-1010,Riverbend Finance
Finley,Lewis,555-2211,finley.lewis.acctref.0211@example.com,Ireland,12000,ACCT-1011,Atlas Healthcare
Harper,Scott,555-2212,harper.scott.acctref.0212@example.com,Australia,10000,ACCT-1012,Cedar Grove Energy
Blake,Brown,555-2213,blake.brown.acctref.0213@example.com,Canada,2500,ACCT-1013,Horizon Education
Emerson,White,555-2214,emerson.white.acctref.0214@example.com,France,20000,ACCT-1014,Silverline Telecom
Skyler,Young,555-2215,skyler.young.acctref.0215@example.com,UK,2500,ACCT-1015,Redwood Partners
Bailey,Doe,555-2216,bailey.doe.acctref.0216@example.com,Germany,25000,ACCT-1016,Maple Leaf Foods
Jane,Moore,555-2217,jane.moore.acctref.0217@example.com,US,30000,ACCT-1017,Urban Peak Design
John,Walker,555-2218,john.walker.acctref.0218@example.com,Ireland,20000,ACCT-1018,Keystone Services
Alex,Green,555-2219,alex.green.acctref.0219@example.com,Australia,25000,ACCT-1019,Lighthouse Labs
Sam,Taylor,555-2220,sam.taylor.acctref.0220@example.com,Canada,25000,ACCT-1020,Evergreen Markets
Chris,Harris,555-2221,chris.harris.acctref.0221@example.com,France,15000,ACCT-1001,Acme Corp
Taylor,King,555-2222,taylor.king.acctref.0222@example.com,UK,15000,ACCT-1002,Global Media
Jordan,Smith,555-2223,jordan.smith.acctref.0223@example.com,Germany,7500,ACCT-1003,Northstar Systems
Morgan,Martin,555-2224,morgan.martin.acctref.0224@example.com,US,12000,ACCT-1004,Blue Ridge Consulting
Casey,Hall,555-2225,casey.hall.acctref.0225@example.com,Ireland,10000,ACCT-1005,Vertex Manufacturing
Riley,Baker,555-2226,riley.baker.acctref.0226@example.com,Australia,10000,ACCT-1006,Summit Retail
Jamie,Anderson,555-2227,jamie.anderson.acctref.0227@example.com,Canada,7500,ACCT-1007,Pioneer Logistics
Avery,Clark,555-2228,avery.clark.acctref.0228@example.com,France,5000,ACCT-1008,Brightline Software
Quinn,Wright,555-2229,quinn.wright.acctref.0229@example.com,UK,25000,ACCT-1009,Oak & Stone Ltd
Drew,Johnson,555-2230,drew.johnson.acctref.0230@example.com,Germany,30000,ACCT-1010,Riverbend Finance
Cameron,Jackson,555-2231,cameron.jackson.acctref.0231@example.com,US,5000,ACCT-1011,Atlas Healthcare
Reese,Allen,555-2232,reese.allen.acctref.0232@example.com,Ireland,7500,ACCT-1012,Cedar Grove Energy
Parker,Adams,555-2233,parker.adams.acctref.0233@example.com,Australia,10000,ACCT-1013,Horizon Education
Rowan,Thomas,555-2234,rowan.thomas.acctref.0234@example.com,Canada,15000,ACCT-1014,Silverline Telecom
Finley,Lewis,555-2235,finley.lewis.acctref.0235@example.com,France,20000,ACCT-1015,Redwood Partners
Harper,Scott,555-2236,harper.scott.acctref.0236@example.com,UK,7500,ACCT-1016,Maple Leaf Foods
Blake,Brown,555-2237,blake.brown.acctref.0237@example.com,Germany,10000,ACCT-1017,Urban Peak Design
Emerson,White,555-2238,emerson.white.acctref.0238@example.com,US,20000,ACCT-1018,Keystone Services
Skyler,Young,555-2239,skyler.young.acctref.0239@example.com,Ireland,5000,ACCT-1019,Lighthouse Labs
Bailey,Doe,555-2240,bailey.doe.acctref.0240@example.com,Australia,15000,ACCT-1020,Evergreen Markets
Jane,Moore,555-2241,jane.moore.acctref.0241@example.com,Canada,10000,ACCT-1001,Acme Corp
John,Walker,555-2242,john.walker.acctref.0242@example.com,France,5000,ACCT-1002,Global Media
Alex,Green,555-2243,alex.green.acctref.0243@example.com,UK,7500,ACCT-1003,Northstar Systems
Sam,Taylor,555-2244,sam.taylor.acctref.0244@example.com,Germany,5000,ACCT-1004,Blue Ridge Consulting
Chris,Harris,555-2245,chris.harris.acctref.0245@example.com,US,15000,ACCT-1005,Vertex Manufacturing
Taylor,King,555-2246,taylor.king.acctref.0246@example.com,Ireland,7500,ACCT-1006,Summit Retail
Jordan,Smith,555-2247,jordan.smith.acctref.0247@example.com,Australia,30000,ACCT-1007,Pioneer Logistics
Morgan,Martin,555-2248,morgan.martin.acctref.0248@example.com,Canada,7500,ACCT-1008,Brightline Software
Casey,Hall,555-2249,casey.hall.acctref.0249@example.com,France,15000,ACCT-1009,Oak & Stone Ltd
Riley,Baker,555-2250,riley.baker.acctref.0250@example.com,UK,5000,ACCT-1010,Riverbend Finance
Jamie,Anderson,555-2251,jamie.anderson.acctref.0251@example.com,Germany,30000,ACCT-1011,Atlas Healthcare
Avery,Clark,555-2252,avery.clark.acctref.0252@example.com,US,15000,ACCT-1012,Cedar Grove Energy
Quinn,Wright,555-2253,quinn.wright.acctref.0253@example.com,Ireland,25000,ACCT-1013,Horizon Education
Drew,Johnson,555-2254,drew.johnson.acctref.0254@example.com,Australia,7500,ACCT-1014,Silverline Telecom
Cameron,Jackson,555-2255,cameron.jackson.acctref.0255@example.com,Canada,2500,ACCT-1015,Redwood Partners
Reese,Allen,555-2256,reese.allen.acctref.0256@example.com,France,7500,ACCT-1016,Maple Leaf Foods
Parker,Adams,555-2257,parker.adams.acctref.0257@example.com,UK,2500,ACCT-1017,Urban Peak Design
Rowan,Thomas,555-2258,rowan.thomas.acctref.0258@example.com,Germany,12000,ACCT-1018,Keystone Services
Finley,Lewis,555-2259,finley.lewis.acctref.0259@example.com,US,30000,ACCT-1019,Lighthouse Labs
Harper,Scott,555-2260,harper.scott.acctref.0260@example.com,Ireland,10000,ACCT-1020,Evergreen Markets
Blake,Brown,555-2261,blake.brown.acctref.0261@example.com,Australia,15000,ACCT-1001,Acme Corp
Emerson,White,555-2262,emerson.white.acctref.0262@example.com,Canada,30000,ACCT-1002,Global Media
Skyler,Young,555-2263,skyler.young.acctref.0263@example.com,France,25000,ACCT-1003,Northstar Systems
Bailey,Doe,555-2264,bailey.doe.acctref.0264@example.com,UK,15000,ACCT-1004,Blue Ridge Consulting
Jane,Moore,555-2265,jane.moore.acctref.0265@example.com,Germany,20000,ACCT-1005,Vertex Manufacturing
John,Walker,555-2266,john.walker.acctref.0266@example.com,US,20000,ACCT-1006,Summit Retail
Alex,Green,555-2267,alex.green.acctref.0267@example.com,Ireland,2500,ACCT-1007,Pioneer Logistics
Sam,Taylor,555-2268,sam.taylor.acctref.0268@example.com,Australia,7500,ACCT-1008,Brightline Software
Chris,Harris,555-2269,chris.harris.acctref.0269@example.com,Canada,12000,ACCT-1009,Oak & Stone Ltd
Taylor,King,555-2270,taylor.king.acctref.0270@example.com,France,25000,ACCT-1010,Riverbend Finance
Jordan,Smith,555-2271,jordan.smith.acctref.0271@example.com,UK,20000,ACCT-1011,Atlas Healthcare
Morgan,Martin,555-2272,morgan.martin.acctref.0272@example.com,Germany,15000,ACCT-1012,Cedar Grove Energy
Casey,Hall,555-2273,casey.hall.acctref.0273@example.com,US,12000,ACCT-1013,Horizon Education
Riley,Baker,555-2274,riley.baker.acctref.0274@example.com,Ireland,10000,ACCT-1014,Silverline Telecom
Jamie,Anderson,555-2275,jamie.anderson.acctref.0275@example.com,Australia,10000,ACCT-1015,Redwood Partners
Avery,Clark,555-2276,avery.clark.acctref.0276@example.com,Canada,10000,ACCT-1016,Maple Leaf Foods
Quinn,Wright,555-2277,quinn.wright.acctref.0277@example.com,France,2500,ACCT-1017,Urban Peak Design
Drew,Johnson,555-2278,drew.johnson.acctref.0278@example.com,UK,2500,ACCT-1018,Keystone Services
Cameron,Jackson,555-2279,cameron.jackson.acctref.0279@example.com,Germany,12000,ACCT-1019,Lighthouse Labs
Reese,Allen,555-2280,reese.allen.acctref.0280@example.com,US,15000,ACCT-1020,Evergreen Markets
Parker,Adams,555-2281,parker.adams.acctref.0281@example.com,Ireland,30000,ACCT-1001,Acme Corp
Rowan,Thomas,555-2282,rowan.thomas.acctref.0282@example.com,Australia,30000,ACCT-1002,Global Media
Finley,Lewis,555-2283,finley.lewis.acctref.0283@example.com,Canada,25000,ACCT-1003,Northstar Systems
Harper,Scott,555-2284,harper.scott.acctref.0284@example.com,France,20000,ACCT-1004,Blue Ridge Consulting
Blake,Brown,555-2285,blake.brown.acctref.0285@example.com,UK,5000,ACCT-1005,Vertex Manufacturing
Emerson,White,555-2286,emerson.white.acctref.0286@example.com,Germany,25000,ACCT-1006,Summit Retail
Skyler,Young,555-2287,skyler.young.acctref.0287@example.com,US,15000,ACCT-1007,Pioneer Logistics
Bailey,Doe,555-2288,bailey.doe.acctref.0288@example.com,Ireland,12000,ACCT-1008,Brightline Software
Jane,Moore,555-2289,jane.moore.acctref.0289@example.com,Australia,2500,ACCT-1009,Oak & Stone Ltd
John,Walker,555-2290,john.walker.acctref.0290@example.com,Canada,25000,ACCT-1010,Riverbend Finance
Alex,Green,555-2291,alex.green.acctref.0291@example.com,France,10000,ACCT-1011,Atlas Healthcare
Sam,Taylor,555-2292,sam.taylor.acctref.0292@example.com,UK,15000,ACCT-1012,Cedar Grove Energy
Chris,Harris,555-2293,chris.harris.acctref.0293@example.com,Germany,7500,ACCT-1013,Horizon Education
Taylor,King,555-2294,taylor.king.acctref.0294@example.com,US,10000,ACCT-1014,Silverline Telecom
Jordan,Smith,555-2295,jordan.smith.acctref.0295@example.com,Ireland,30000,ACCT-1015,Redwood Partners
Morgan,Martin,555-2296,morgan.martin.acctref.0296@example.com,Australia,7500,ACCT-1016,Maple Leaf Foods
Casey,Hall,555-2297,casey.hall.acctref.0297@example.com,Canada,15000,ACCT-1017,Urban Peak Design
Riley,Baker,555-2298,riley.baker.acctref.0298@example.com,France,12000,ACCT-1018,Keystone Services
Jamie,Anderson,555-2299,jamie.anderson.acctref.0299@example.com,UK,5000,ACCT-1019,Lighthouse Labs
Avery,Clark,555-2300,avery.clark.acctref.0300@example.com,Germany,2500,ACCT-1020,Evergreen Markets
Quinn,Wright,555-2301,quinn.wright.acctref.0301@example.com,US,25000,ACCT-1001,Acme Corp
Drew,Johnson,555-2302,drew.johnson.acctref.0302@example.com,Ireland,30000,ACCT-1002,Global Media
Cameron,Jackson,555-2303,cameron.jackson.acctref.0303@example.com,Australia,7500,ACCT-1003,Northstar Systems
Reese,Allen,555-2304,reese.allen.acctref.0304@example.com,Canada,10000,ACCT-1004,Blue Ridge Consulting
Parker,Adams,555-2305,parker.adams.acctref.0305@example.com,France,10000,ACCT-1005,Vertex Manufacturing
Rowan,Thomas,555-2306,rowan.thomas.acctref.0306@example.com,UK,5000,ACCT-1006,Summit Retail
Finley,Lewis,555-2307,finley.lewis.acctref.0307@example.com,Germany,5000,ACCT-1007,Pioneer Logistics
Harper,Scott,555-2308,harper.scott.acctref.0308@example.com,US,25000,ACCT-1008,Brightline Software
Blake,Brown,555-2309,blake.brown.acctref.0309@example.com,Ireland,12000,ACCT-1009,Oak & Stone Ltd
Emerson,White,555-2310,emerson.white.acctref.0310@example.com,Australia,7500,ACCT-1010,Riverbend Finance
Skyler,Young,555-2311,skyler.young.acctref.0311@example.com,Canada,10000,ACCT-1011,Atlas Healthcare
Bailey,Doe,555-2312,bailey.doe.acctref.0312@example.com,France,12000,ACCT-1012,Cedar Grove Energy
Jane,Moore,555-2313,jane.moore.acctref.0313@example.com,UK,15000,ACCT-1013,Horizon Education
John,Walker,555-2314,john.walker.acctref.0314@example.com,Germany,12000,ACCT-1014,Silverline Telecom
Alex,Green,555-2315,alex.green.acctref.0315@example.com,US,7500,ACCT-1015,Redwood Partners
Sam,Taylor,555-2316,sam.taylor.acctref.0316@example.com,Ireland,15000,ACCT-1016,Maple Leaf Foods
Chris,Harris,555-2317,chris.harris.acctref.0317@example.com,Australia,7500,ACCT-1017,Urban Peak Design
Taylor,King,555-2318,taylor.king.acctref.0318@example.com,Canada,2500,ACCT-1018,Keystone Services
Jordan,Smith,555-2319,jordan.smith.acctref.0319@example.com,France,5000,ACCT-1019,Lighthouse Labs
Morgan,Martin,555-2320,morgan.martin.acctref.0320@example.com,UK,20000,ACCT-1020,Evergreen Markets
Casey,Hall,555-2321,casey.hall.acctref.0321@example.com,Germany,25000,ACCT-1001,Acme Corp
Riley,Baker,555-2322,riley.baker.acctref.0322@example.com,US,30000,ACCT-1002,Global Media
Jamie,Anderson,555-2323,jamie.anderson.acctref.0323@example.com,Ireland,7500,ACCT-1003,Northstar Systems
Avery,Clark,555-2324,avery.clark.acctref.0324@example.com,Australia,7500,ACCT-1004,Blue Ridge Consulting
Quinn,Wright,555-2325,quinn.wright.acctref.0325@example.com,Canada,5000,ACCT-1005,Vertex Manufacturing
Drew,Johnson,555-2326,drew.johnson.acctref.0326@example.com,France,5000,ACCT-1006,Summit Retail
Cameron,Jackson,555-2327,cameron.jackson.acctref.0327@example.com,UK,12000,ACCT-1007,Pioneer Logistics
Reese,Allen,555-2328,reese.allen.acctref.0328@example.com,Germany,20000,ACCT-1008,Brightline Software
Parker,Adams,555-2329,parker.adams.acctref.0329@example.com,US,12000,ACCT-1009,Oak & Stone Ltd
Rowan,Thomas,555-2330,rowan.thomas.acctref.0330@example.com,Ireland,12000,ACCT-1010,Riverbend Finance
Finley,Lewis,555-2331,finley.lewis.acctref.0331@example.com,Australia,5000,ACCT-1011,Atlas Healthcare
Harper,Scott,555-2332,harper.scott.acctref.0332@example.com,Canada,25000,ACCT-1012,Cedar Grove Energy
Blake,Brown,555-2333,blake.brown.acctref.0333@example.com,France,10000,ACCT-1013,Horizon Education
Emerson,White,555-2334,emerson.white.acctref.0334@example.com,UK,5000,ACCT-1014,Silverline Telecom
Skyler,Young,555-2335,skyler.young.acctref.0335@example.com,Germany,5000,ACCT-1015,Redwood Partners
Bailey,Doe,555-2336,bailey.doe.acctref.0336@example.com,US,15000,ACCT-1016,Maple Leaf Foods
Jane,Moore,555-2337,jane.moore.acctref.0337@example.com,Ireland,2500,ACCT-1017,Urban Peak Design
John,Walker,555-2338,john.walker.acctref.0338@example.com,Australia,30000,ACCT-1018,Keystone Services
Alex,Green,555-2339,alex.green.acctref.0339@example.com,Canada,2500,ACCT-1019,Lighthouse Labs
Sam,Taylor,555-2340,sam.taylor.acctref.0340@example.com,France,10000,ACCT-1020,Evergreen Markets
Chris,Harris,555-2341,chris.harris.acctref.0341@example.com,UK,5000,ACCT-1001,Acme Corp
Taylor,King,555-2342,taylor.king.acctref.0342@example.com,Germany,2500,ACCT-1002,Global Media
Jordan,Smith,555-2343,jordan.smith.acctref.0343@example.com,US,2500,ACCT-1003,Northstar Systems
Morgan,Martin,555-2344,morgan.martin.acctref.0344@example.com,Ireland,5000,ACCT-1004,Blue Ridge Consulting
Casey,Hall,555-2345,casey.hall.acctref.0345@example.com,Australia,15000,ACCT-1005,Vertex Manufacturing
Riley,Baker,555-2346,riley.baker.acctref.0346@example.com,Canada,25000,ACCT-1006,Summit Retail
Jamie,Anderson,555-2347,jamie.anderson.acctref.0347@example.com,France,30000,ACCT-1007,Pioneer Logistics
Avery,Clark,555-2348,avery.clark.acctref.0348@example.com,UK,15000,ACCT-1008,Brightline Software
Quinn,Wright,555-2349,quinn.wright.acctref.0349@example.com,Germany,15000,ACCT-1009,Oak & Stone Ltd
Drew,Johnson,555-2350,drew.johnson.acctref.0350@example.com,US,5000,ACCT-1010,Riverbend Finance
Cameron,Jackson,555-2351,cameron.jackson.acctref.0351@example.com,Ireland,7500,ACCT-1011,Atlas Healthcare
Reese,Allen,555-2352,reese.allen.acctref.0352@example.com,Australia,20000,ACCT-1012,Cedar Grove Energy
Parker,Adams,555-2353,parker.adams.acctref.0353@example.com,Canada,25000,ACCT-1013,Horizon Education
Rowan,Thomas,555-2354,rowan.thomas.acctref.0354@example.com,France,7500,ACCT-1014,Silverline Telecom
Finley,Lewis,555-2355,finley.lewis.acctref.0355@example.com,UK,20000,ACCT-1015,Redwood Partners
Harper,Scott,555-2356,harper.scott.acctref.0356@example.com,Germany,12000,ACCT-1016,Maple Leaf Foods
Blake,Brown,555-2357,blake.brown.acctref.0357@example.com,US,15000,ACCT-1017,Urban Peak Design
Emerson,White,555-2358,emerson.white.acctref.0358@example.com,Ireland,12000,ACCT-1018,Keystone Services
Skyler,Young,555-2359,skyler.young.acctref.0359@example.com,Australia,15000,ACCT-1019,Lighthouse Labs
Bailey,Doe,555-2360,bailey.doe.acctref.0360@example.com,Canada,25000,ACCT-1020,Evergreen Markets
Jane,Moore,555-2361,jane.moore.acctref.0361@example.com,France,15000,ACCT-1001,Acme Corp
John,Walker,555-2362,john.walker.acctref.0362@example.com,UK,30000,ACCT-1002,Global Media
Alex,Green,555-2363,alex.green.acctref.0363@example.com,Germany,20000,ACCT-1003,Northstar Systems
Sam,Taylor,555-2364,sam.taylor.acctref.0364@example.com,US,20000,ACCT-1004,Blue Ridge Consulting
Chris,Harris,555-2365,chris.harris.acctref.0365@example.com,Ireland,7500,ACCT-1005,Vertex Manufacturing
Taylor,King,555-2366,taylor.king.acctref.0366@example.com,Australia,15000,ACCT-1006,Summit Retail
Jordan,Smith,555-2367,jordan.smith.acctref.0367@example.com,Canada,5000,ACCT-1007,Pioneer Logistics
Morgan,Martin,555-2368,morgan.martin.acctref.0368@example.com,France,15000,ACCT-1008,Brightline Software
Casey,Hall,555-2369,casey.hall.acctref.0369@example.com,UK,7500,ACCT-1009,Oak & Stone Ltd
Riley,Baker,555-2370,riley.baker.acctref.0370@example.com,Germany,5000,ACCT-1010,Riverbend Finance
Jamie,Anderson,555-2371,jamie.anderson.acctref.0371@example.com,US,12000,ACCT-1011,Atlas Healthcare
Avery,Clark,555-2372,avery.clark.acctref.0372@example.com,Ireland,2500,ACCT-1012,Cedar Grove Energy
Quinn,Wright,555-2373,quinn.wright.acctref.0373@example.com,Australia,20000,ACCT-1013,Horizon Education
Drew,Johnson,555-2374,drew.johnson.acctref.0374@example.com,Canada,2500,ACCT-1014,Silverline Telecom
Cameron,Jackson,555-2375,cameron.jackson.acctref.0375@example.com,France,7500,ACCT-1015,Redwood Partners
Reese,Allen,555-2376,reese.allen.acctref.0376@example.com,UK,25000,ACCT-1016,Maple Leaf Foods
Parker,Adams,555-2377,parker.adams.acctref.0377@example.com,Germany,7500,ACCT-1017,Urban Peak Design
Rowan,Thomas,555-2378,rowan.thomas.acctref.0378@example.com,US,2500,ACCT-1018,Keystone Services
Finley,Lewis,555-2379,finley.lewis.acctref.0379@example.com,Ireland,20000,ACCT-1019,Lighthouse Labs
Harper,Scott,555-2380,harper.scott.acctref.0380@example.com,Australia,15000,ACCT-1020,Evergreen Markets
Blake,Brown,555-2381,blake.brown.acctref.0381@example.com,Canada,12000,ACCT-1001,Acme Corp
Emerson,White,555-2382,emerson.white.acctref.0382@example.com,France,30000,ACCT-1002,Global Media
Skyler,Young,555-2383,skyler.young.acctref.0383@example.com,UK,2500,ACCT-1003,Northstar Systems
Bailey,Doe,555-2384,bailey.doe.acctref.0384@example.com,Germany,2500,ACCT-1004,Blue Ridge Consulting
Jane,Moore,555-2385,jane.moore.acctref.0385@example.com,US,5000,ACCT-1005,Vertex Manufacturing
John,Walker,555-2386,john.walker.acctref.0386@example.com,Ireland,5000,ACCT-1006,Summit Retail
Alex,Green,555-2387,alex.green.acctref.0387@example.com,Australia,15000,ACCT-1007,Pioneer Logistics
Sam,Taylor,555-2388,sam.taylor.acctref.0388@example.com,Canada,15000,ACCT-1008,Brightline Software
Chris,Harris,555-2389,chris.harris.acctref.0389@example.com,France,15000,ACCT-1009,Oak & Stone Ltd
Taylor,King,555-2390,taylor.king.acctref.0390@example.com,UK,15000,ACCT-1010,Riverbend Finance
Jordan,Smith,555-2391,jordan.smith.acctref.0391@example.com,Germany,10000,ACCT-1011,Atlas Healthcare
Morgan,Martin,555-2392,morgan.martin.acctref.0392@example.com,US,15000,ACCT-1012,Cedar Grove Energy
Casey,Hall,555-2393,casey.hall.acctref.0393@example.com,Ireland,2500,ACCT-1013,Horizon Education
Riley,Baker,555-2394,riley.baker.acctref.0394@example.com,Australia,25000,ACCT-1014,Silverline Telecom
Jamie,Anderson,555-2395,jamie.anderson.acctref.0395@example.com,Canada,15000,ACCT-1015,Redwood Partners
Avery,Clark,555-2396,avery.clark.acctref.0396@example.com,France,7500,ACCT-1016,Maple Leaf Foods
Quinn,Wright,555-2397,quinn.wright.acctref.0397@example.com,UK,30000,ACCT-1017,Urban Peak Design
Drew,Johnson,555-2398,drew.johnson.acctref.0398@example.com,Germany,20000,ACCT-1018,Keystone Services
Cameron,Jackson,555-2399,cameron.jackson.acctref.0399@example.com,US,7500,ACCT-1019,Lighthouse Labs
Reese,Allen,555-2400,reese.allen.acctref.0400@example.com,Ireland,7500,ACCT-1020,Evergreen Markets
Parker,Adams,555-2401,parker.adams.acctref.0401@example.com,Australia,5000,ACCT-1001,Acme Corp
Rowan,Thomas,555-2402,rowan.thomas.acctref.0402@example.com,Canada,7500,ACCT-1002,Global Media
Finley,Lewis,555-2403,finley.lewis.acctref.0403@example.com,France,12000,ACCT-1003,Northstar Systems
Harper,Scott,555-2404,harper.scott.acctref.0404@example.com,UK,25000,ACCT-1004,Blue Ridge Consulting
Blake,Brown,555-2405,blake.brown.acctref.0405@example.com,Germany,20000,ACCT-1005,Vertex Manufacturing
Emerson,White,555-2406,emerson.white.acctref.0406@example.com,US,20000,ACCT-1006,Summit Retail
Skyler,Young,555-2407,skyler.young.acctref.0407@example.com,Ireland,7500,ACCT-1007,Pioneer Logistics
Bailey,Doe,555-2408,bailey.doe.acctref.0408@example.com,Australia,10000,ACCT-1008,Brightline Software
Jane,Moore,555-2409,jane.moore.acctref.0409@example.com,Canada,25000,ACCT-1009,Oak & Stone Ltd
John,Walker,555-2410,john.walker.acctref.0410@example.com,France,15000,ACCT-1010,Riverbend Finance
Alex,Green,555-2411,alex.green.acctref.0411@example.com,UK,25000,ACCT-1011,Atlas Healthcare
Sam,Taylor,555-2412,sam.taylor.acctref.0412@example.com,Germany,7500,ACCT-1012,Cedar Grove Energy
Chris,Harris,555-2413,chris.harris.acctref.0413@example.com,US,20000,ACCT-1013,Horizon Education
Taylor,King,555-2414,taylor.king.acctref.0414@example.com,Ireland,5000,ACCT-1014,Silverline Telecom
Jordan,Smith,555-2415,jordan.smith.acctref.0415@example.com,Australia,10000,ACCT-1015,Redwood Partners
Morgan,Martin,555-2416,morgan.martin.acctref.0416@example.com,Canada,12000,ACCT-1016,Maple Leaf Foods
Casey,Hall,555-2417,casey.hall.acctref.0417@example.com,France,7500,ACCT-1017,Urban Peak Design
Riley,Baker,555-2418,riley.baker.acctref.0418@example.com,UK,15000,ACCT-1018,Keystone Services
Jamie,Anderson,555-2419,jamie.anderson.acctref.0419@example.com,Germany,20000,ACCT-1019,Lighthouse Labs
Avery,Clark,555-2420,avery.clark.acctref.0420@example.com,US,15000,ACCT-1020,Evergreen Markets
Quinn,Wright,555-2421,quinn.wright.acctref.0421@example.com,Ireland,12000,ACCT-1001,Acme Corp
Drew,Johnson,555-2422,drew.johnson.acctref.0422@example.com,Australia,2500,ACCT-1002,Global Media
Cameron,Jackson,555-2423,cameron.jackson.acctref.0423@example.com,Canada,30000,ACCT-1003,Northstar Systems
Reese,Allen,555-2424,reese.allen.acctref.0424@example.com,France,7500,ACCT-1004,Blue Ridge Consulting
Parker,Adams,555-2425,parker.adams.acctref.0425@example.com,UK,7500,ACCT-1005,Vertex Manufacturing
Rowan,Thomas,555-2426,rowan.thomas.acctref.0426@example.com,Germany,30000,ACCT-1006,Summit Retail
Finley,Lewis,555-2427,finley.lewis.acctref.0427@example.com,US,20000,ACCT-1007,Pioneer Logistics
Harper,Scott,555-2428,harper.scott.acctref.0428@example.com,Ireland,10000,ACCT-1008,Brightline Software
Blake,Brown,555-2429,blake.brown.acctref.0429@example.com,Australia,15000,ACCT-1009,Oak & Stone Ltd
Emerson,White,555-2430,emerson.white.acctref.0430@example.com,Canada,7500,ACCT-1010,Riverbend Finance
Skyler,Young,555-2431,skyler.young.acctref.0431@example.com,France,5000,ACCT-1011,Atlas Healthcare
Bailey,Doe,555-2432,bailey.doe.acctref.0432@example.com,UK,15000,ACCT-1012,Cedar Grove Energy
Jane,Moore,555-2433,jane.moore.acctref.0433@example.com,Germany,12000,ACCT-1013,Horizon Education
John,Walker,555-2434,john.walker.acctref.0434@example.com,US,30000,ACCT-1014,Silverline Telecom
Alex,Green,555-2435,alex.green.acctref.0435@example.com,Ireland,30000,ACCT-1015,Redwood Partners
Sam,Taylor,555-2436,sam.taylor.acctref.0436@example.com,Australia,2500,ACCT-1016,Maple Leaf Foods
Chris,Harris,555-2437,chris.harris.acctref.0437@example.com,Canada,20000,ACCT-1017,Urban Peak Design
Taylor,King,555-2438,taylor.king.acctref.0438@example.com,France,10000,ACCT-1018,Keystone Services
Jordan,Smith,555-2439,jordan.smith.acctref.0439@example.com,UK,30000,ACCT-1019,Lighthouse Labs
Morgan,Martin,555-2440,morgan.martin.acctref.0440@example.com,Germany,5000,ACCT-1020,Evergreen Markets
Casey,Hall,555-2441,casey.hall.acctref.0441@example.com,US,20000,ACCT-1001,Acme Corp
Riley,Baker,555-2442,riley.baker.acctref.0442@example.com,Ireland,5000,ACCT-1002,Global Media
Jamie,Anderson,555-2443,jamie.anderson.acctref.0443@example.com,Australia,5000,ACCT-1003,Northstar Systems
Avery,Clark,555-2444,avery.clark.acctref.0444@example.com,Canada,2500,ACCT-1004,Blue Ridge Consulting
Quinn,Wright,555-2445,quinn.wright.acctref.0445@example.com,France,2500,ACCT-1005,Vertex Manufacturing
Drew,Johnson,555-2446,drew.johnson.acctref.0446@example.com,UK,20000,ACCT-1006,Summit Retail
Cameron,Jackson,555-2447,cameron.jackson.acctref.0447@example.com,Germany,30000,ACCT-1007,Pioneer Logistics
Reese,Allen,555-2448,reese.allen.acctref.0448@example.com,US,20000,ACCT-1008,Brightline Software
Parker,Adams,555-2449,parker.adams.acctref.0449@example.com,Ireland,5000,ACCT-1009,Oak & Stone Ltd
Rowan,Thomas,555-2450,rowan.thomas.acctref.0450@example.com,Australia,20000,ACCT-1010,Riverbend Finance
Finley,Lewis,555-2451,finley.lewis.acctref.0451@example.com,Canada,10000,ACCT-1011,Atlas Healthcare
Harper,Scott,555-2452,harper.scott.acctref.0452@example.com,France,5000,ACCT-1012,Cedar Grove Energy
Blake,Brown,555-2453,blake.brown.acctref.0453@example.com,UK,5000,ACCT-1013,Horizon Education
Emerson,White,555-2454,emerson.white.acctref.0454@example.com,Germany,12000,ACCT-1014,Silverline Telecom
Skyler,Young,555-2455,skyler.young.acctref.0455@example.com,US,30000,ACCT-1015,Redwood Partners
Bailey,Doe,555-2456,bailey.doe.acctref.0456@example.com,Ireland,5000,ACCT-1016,Maple Leaf Foods
Jane,Moore,555-2457,jane.moore.acctref.0457@example.com,Australia,25000,ACCT-1017,Urban Peak Design
John,Walker,555-2458,john.walker.acctref.0458@example.com,Canada,12000,ACCT-1018,Keystone Services
Alex,Green,555-2459,alex.green.acctref.0459@example.com,France,10000,ACCT-1019,Lighthouse Labs
Sam,Taylor,555-2460,sam.taylor.acctref.0460@example.com,UK,20000,ACCT-1020,Evergreen Markets
Chris,Harris,555-2461,chris.harris.acctref.0461@example.com,Germany,12000,ACCT-1001,Acme Corp
Taylor,King,555-2462,taylor.king.acctref.0462@example.com,US,5000,ACCT-1002,Global Media
Jordan,Smith,555-2463,jordan.smith.acctref.0463@example.com,Ireland,2500,ACCT-1003,Northstar Systems
Morgan,Martin,555-2464,morgan.martin.acctref.0464@example.com,Australia,20000,ACCT-1004,Blue Ridge Consulting
Casey,Hall,555-2465,casey.hall.acctref.0465@example.com,Canada,10000,ACCT-1005,Vertex Manufacturing
Riley,Baker,555-2466,riley.baker.acctref.0466@example.com,France,2500,ACCT-1006,Summit Retail
Jamie,Anderson,555-2467,jamie.anderson.acctref.0467@example.com,UK,30000,ACCT-1007,Pioneer Logistics
Avery,Clark,555-2468,avery.clark.acctref.0468@example.com,Germany,15000,ACCT-1008,Brightline Software
Quinn,Wright,555-2469,quinn.wright.acctref.0469@example.com,US,25000,ACCT-1009,Oak & Stone Ltd
Drew,Johnson,555-2470,drew.johnson.acctref.0470@example.com,Ireland,20000,ACCT-1010,Riverbend Finance
Cameron,Jackson,555-2471,cameron.jackson.acctref.0471@example.com,Australia,20000,ACCT-1011,Atlas Healthcare
Reese,Allen,555-2472,reese.allen.acctref.0472@example.com,Canada,12000,ACCT-1012,Cedar Grove Energy
Parker,Adams,555-2473,parker.adams.acctref.0473@example.com,France,15000,ACCT-1013,Horizon Education
Rowan,Thomas,555-2474,rowan.thomas.acctref.0474@example.com,UK,20000,ACCT-1014,Silverline Telecom
Finley,Lewis,555-2475,finley.lewis.acctref.0475@example.com,Germany,25000,ACCT-1015,Redwood Partners
Harper,Scott,555-2476,harper.scott.acctref.0476@example.com,US,30000,ACCT-1016,Maple Leaf Foods
Blake,Brown,555-2477,blake.brown.acctref.0477@example.com,Ireland,20000,ACCT-1017,Urban Peak Design
Emerson,White,555-2478,emerson.white.acctref.0478@example.com,Australia,2500,ACCT-1018,Keystone Services
Skyler,Young,555-2479,skyler.young.acctref.0479@example.com,Canada,30000,ACCT-1019,Lighthouse Labs
Bailey,Doe,555-2480,bailey.doe.acctref.0480@example.com,France,10000,ACCT-1020,Evergreen Markets
Jane,Moore,555-2481,jane.moore.acctref.0481@example.com,UK,15000,ACCT-1001,Acme Corp
John,Walker,555-2482,john.walker.acctref.0482@example.com,Germany,25000,ACCT-1002,Global Media
Alex,Green,555-2483,alex.green.acctref.0483@example.com,US,15000,ACCT-1003,Northstar Systems
Sam,Taylor,555-2484,sam.taylor.acctref.0484@example.com,Ireland,20000,ACCT-1004,Blue Ridge Consulting
Chris,Harris,555-2485,chris.harris.acctref.0485@example.com,Australia,25000,ACCT-1005,Vertex Manufacturing
Taylor,King,555-2486,taylor.king.acctref.0486@example.com,Canada,7500,ACCT-1006,Summit Retail
Jordan,Smith,555-2487,jordan.smith.acctref.0487@example.com,France,20000,ACCT-1007,Pioneer Logistics
Morgan,Martin,555-2488,morgan.martin.acctref.0488@example.com,UK,5000,ACCT-1008,Brightline Software
Casey,Hall,555-2489,casey.hall.acctref.0489@example.com,Germany,10000,ACCT-1009,Oak & Stone Ltd
Riley,Baker,555-2490,riley.baker.acctref.0490@example.com,US,30000,ACCT-1010,Riverbend Finance
Jamie,Anderson,555-2491,jamie.anderson.acctref.0491@example.com,Ireland,5000,ACCT-1011,Atlas Healthcare
Avery,Clark,555-2492,avery.clark.acctref.0492@example.com,Australia,15000,ACCT-1012,Cedar Grove Energy
Quinn,Wright,555-2493,quinn.wright.acctref.0493@example.com,Canada,2500,ACCT-1013,Horizon Education
Drew,Johnson,555-2494,drew.johnson.acctref.0494@example.com,France,5000,ACCT-1014,Silverline Telecom
Cameron,Jackson,555-2495,cameron.jackson.acctref.0495@example.com,UK,20000,ACCT-1015,Redwood Partners
Reese,Allen,555-2496,reese.allen.acctref.0496@example.com,Germany,20000,ACCT-1016,Maple Leaf Foods
Parker,Adams,555-2497,parker.adams.acctref.0497@example.com,US,12000,ACCT-1017,Urban Peak Design
Rowan,Thomas,555-2498,rowan.thomas.acctref.0498@example.com,Ireland,10000,ACCT-1018,Keystone Services
Finley,Lewis,555-2499,finley.lewis.acctref.0499@example.com,Australia,5000,ACCT-1019,Lighthouse Labs
Harper,Scott,555-2500,harper.scott.acctref.0500@example.com,Canada,12000,ACCT-1020,Evergreen Markets
Blake,Brown,555-2501,blake.brown.acctref.0501@example.com,France,10000,ACCT-1001,Acme Corp
Emerson,White,555-2502,emerson.white.acctref.0502@example.com,UK,10000,ACCT-1002,Global Media
Skyler,Young,555-2503,skyler.young.acctref.0503@example.com,Germany,5000,ACCT-1003,Northstar Systems
Bailey,Doe,555-2504,bailey.doe.acctref.0504@example.com,US,25000,ACCT-1004,Blue Ridge Consulting
Jane,Moore,555-2505,jane.moore.acctref.0505@example.com,Ireland,7500,ACCT-1005,Vertex Manufacturing
John,Walker,555-2506,john.walker.acctref.0506@example.com,Australia,30000,ACCT-1006,Summit Retail
Alex,Green,555-2507,alex.green.acctref.0507@example.com,Canada,5000,ACCT-1007,Pioneer Logistics
Sam,Taylor,555-2508,sam.taylor.acctref.0508@example.com,France,7500,ACCT-1008,Brightline Software
Chris,Harris,555-2509,chris.harris.acctref.0509@example.com,UK,2500,ACCT-1009,Oak & Stone Ltd
Taylor,King,555-2510,taylor.king.acctref.0510@example.com,Germany,5000,ACCT-1010,Riverbend Finance
Jordan,Smith,555-2511,jordan.smith.acctref.0511@example.com,US,30000,ACCT-1011,Atlas Healthcare
Morgan,Martin,555-2512,morgan.martin.acctref.0512@example.com,Ireland,20000,ACCT-1012,Cedar Grove Energy
Casey,Hall,555-2513,casey.hall.acctref.0513@example.com,Australia,20000,ACCT-1013,Horizon Education
Riley,Baker,555-2514,riley.baker.acctref.0514@example.com,Canada,30000,ACCT-1014,Silverline Telecom
Jamie,Anderson,555-2515,jamie.anderson.acctref.0515@example.com,France,10000,ACCT-1015,Redwood Partners
Avery,Clark,555-2516,avery.clark.acctref.0516@example.com,UK,2500,ACCT-1016,Maple Leaf Foods
Quinn,Wright,555-2517,quinn.wright.acctref.0517@example.com,Germany,7500,ACCT-1017,Urban Peak Design
Drew,Johnson,555-2518,drew.johnson.acctref.0518@example.com,US,2500,ACCT-1018,Keystone Services
Cameron,Jackson,555-2519,cameron.jackson.acctref.0519@example.com,Ireland,12000,ACCT-1019,Lighthouse Labs
Reese,Allen,555-2520,reese.allen.acctref.0520@example.com,Australia,12000,ACCT-1020,Evergreen Markets
Parker,Adams,555-2521,parker.adams.acctref.0521@example.com,Canada,7500,ACCT-1001,Acme Corp
Rowan,Thomas,555-2522,rowan.thomas.acctref.0522@example.com,France,12000,ACCT-1002,Global Media
Finley,Lewis,555-2523,finley.lewis.acctref.0523@example.com,UK,7500,ACCT-1003,Northstar Systems
Harper,Scott,555-2524,harper.scott.acctref.0524@example.com,Germany,10000,ACCT-1004,Blue Ridge Consulting
Blake,Brown,555-2525,blake.brown.acctref.0525@example.com,US,30000,ACCT-1005,Vertex Manufacturing
Emerson,White,555-2526,emerson.white.acctref.0526@example.com,Ireland,10000,ACCT-1006,Summit Retail
Skyler,Young,555-2527,skyler.young.acctref.0527@example.com,Australia,12000,ACCT-1007,Pioneer Logistics
Bailey,Doe,555-2528,bailey.doe.acctref.0528@example.com,Canada,2500,ACCT-1008,Brightline Software
Jane,Moore,555-2529,jane.moore.acctref.0529@example.com,France,5000,ACCT-1009,Oak & Stone Ltd
John,Walker,555-2530,john.walker.acctref.0530@example.com,UK,25000,ACCT-1010,Riverbend Finance
Alex,Green,555-2531,alex.green.acctref.0531@example.com,Germany,25000,ACCT-1011,Atlas Healthcare
Sam,Taylor,555-2532,sam.taylor.acctref.0532@example.com,US,15000,ACCT-1012,Cedar Grove Energy
Chris,Harris,555-2533,chris.harris.acctref.0533@example.com,Ireland,30000,ACCT-1013,Horizon Education
Taylor,King,555-2534,taylor.king.acctref.0534@example.com,Australia,7500,ACCT-1014,Silverline Telecom
Jordan,Smith,555-2535,jordan.smith.acctref.0535@example.com,Canada,7500,ACCT-1015,Redwood Partners
Morgan,Martin,555-2536,morgan.martin.acctref.0536@example.com,France,10000,ACCT-1016,Maple Leaf Foods
Casey,Hall,555-2537,casey.hall.acctref.0537@example.com,UK,10000,ACCT-1017,Urban Peak Design
Riley,Baker,555-2538,riley.baker.acctref.0538@example.com,Germany,15000,ACCT-1018,Keystone Services
Jamie,Anderson,555-2539,jamie.anderson.acctref.0539@example.com,US,15000,ACCT-1019,Lighthouse Labs
Avery,Clark,555-2540,avery.clark.acctref.0540@example.com,Ireland,7500,ACCT-1020,Evergreen Markets
Quinn,Wright,555-2541,quinn.wright.acctref.0541@example.com,Australia,12000,ACCT-1001,Acme Corp
Drew,Johnson,555-2542,drew.johnson.acctref.0542@example.com,Canada,15000,ACCT-1002,Global Media
Cameron,Jackson,555-2543,cameron.jackson.acctref.0543@example.com,France,12000,ACCT-1003,Northstar Systems
Reese,Allen,555-2544,reese.allen.acctref.0544@example.com,UK,2500,ACCT-1004,Blue Ridge Consulting
Parker,Adams,555-2545,parker.adams.acctref.0545@example.com,Germany,25000,ACCT-1005,Vertex Manufacturing
Rowan,Thomas,555-2546,rowan.thomas.acctref.0546@example.com,US,30000,ACCT-1006,Summit Retail
Finley,Lewis,555-2547,finley.lewis.acctref.0547@example.com,Ireland,2500,ACCT-1007,Pioneer Logistics
Harper,Scott,555-2548,harper.scott.acctref.0548@example.com,Australia,12000,ACCT-1008,Brightline Software
Blake,Brown,555-2549,blake.brown.acctref.0549@example.com,Canada,30000,ACCT-1009,Oak & Stone Ltd
Emerson,White,555-2550,emerson.white.acctref.0550@example.com,France,7500,ACCT-1010,Riverbend Finance
Skyler,Young,555-2551,skyler.young.acctref.0551@example.com,UK,7500,ACCT-1011,Atlas Healthcare
Bailey,Doe,555-2552,bailey.doe.acctref.0552@example.com,Germany,2500,ACCT-1012,Cedar Grove Energy
Jane,Moore,555-2553,jane.moore.acctref.0553@example.com,US,10000,ACCT-1013,Horizon Education
John,Walker,555-2554,john.walker.acctref.0554@example.com,Ireland,25000,ACCT-1014,Silverline Telecom
Alex,Green,555-2555,alex.green.acctref.0555@example.com,Australia,20000,ACCT-1015,Redwood Partners
Sam,Taylor,555-2556,sam.taylor.acctref.0556@example.com,Canada,5000,ACCT-1016,Maple Leaf Foods
Chris,Harris,555-2557,chris.harris.acctref.0557@example.com,France,2500,ACCT-1017,Urban Peak Design
Taylor,King,555-2558,taylor.king.acctref.0558@example.com,UK,30000,ACCT-1018,Keystone Services
Jordan,Smith,555-2559,jordan.smith.acctref.0559@example.com,Germany,2500,ACCT-1019,Lighthouse Labs
Morgan,Martin,555-2560,morgan.martin.acctref.0560@example.com,US,20000,ACCT-1020,Evergreen Markets
Casey,Hall,555-2561,casey.hall.acctref.0561@example.com,Ireland,10000,ACCT-1001,Acme Corp
Riley,Baker,555-2562,riley.baker.acctref.0562@example.com,Australia,25000,ACCT-1002,Global Media
Jamie,Anderson,555-2563,jamie.anderson.acctref.0563@example.com,Canada,10000,ACCT-1003,Northstar Systems
Avery,Clark,555-2564,avery.clark.acctref.0564@example.com,France,30000,ACCT-1004,Blue Ridge Consulting
Quinn,Wright,555-2565,quinn.wright.acctref.0565@example.com,UK,5000,ACCT-1005,Vertex Manufacturing
Drew,Johnson,555-2566,drew.johnson.acctref.0566@example.com,Germany,30000,ACCT-1006,Summit Retail
Cameron,Jackson,555-2567,cameron.jackson.acctref.0567@example.com,US,30000,ACCT-1007,Pioneer Logistics
Reese,Allen,555-2568,reese.allen.acctref.0568@example.com,Ireland,10000,ACCT-1008,Brightline Software
Parker,Adams,555-2569,parker.adams.acctref.0569@example.com,Australia,7500,ACCT-1009,Oak & Stone Ltd
Rowan,Thomas,555-2570,rowan.thomas.acctref.0570@example.com,Canada,10000,ACCT-1010,Riverbend Finance
Finley,Lewis,555-2571,finley.lewis.acctref.0571@example.com,France,12000,ACCT-1011,Atlas Healthcare
Harper,Scott,555-2572,harper.scott.acctref.0572@example.com,UK,5000,ACCT-1012,Cedar Grove Energy
Blake,Brown,555-2573,blake.brown.acctref.0573@example.com,Germany,10000,ACCT-1013,Horizon Education
Emerson,White,555-2574,emerson.white.acctref.0574@example.com,US,30000,ACCT-1014,Silverline Telecom
Skyler,Young,555-2575,skyler.young.acctref.0575@example.com,Ireland,15000,ACCT-1015,Redwood Partners
Bailey,Doe,555-2576,bailey.doe.acctref.0576@example.com,Australia,25000,ACCT-1016,Maple Leaf Foods
Jane,Moore,555-2577,jane.moore.acctref.0577@example.com,Canada,10000,ACCT-1017,Urban Peak Design
John,Walker,555-2578,john.walker.acctref.0578@example.com,France,12000,ACCT-1018,Keystone Services
Alex,Green,555-2579,alex.green.acctref.0579@example.com,UK,20000,ACCT-1019,Lighthouse Labs
Sam,Taylor,555-2580,sam.taylor.acctref.0580@example.com,Germany,5000,ACCT-1020,Evergreen Markets
Chris,Harris,555-2581,chris.harris.acctref.0581@example.com,US,7500,ACCT-1001,Acme Corp
Taylor,King,555-2582,taylor.king.acctref.0582@example.com,Ireland,5000,ACCT-1002,Global Media
Jordan,Smith,555-2583,jordan.smith.acctref.0583@example.com,Australia,5000,ACCT-1003,Northstar Systems
Morgan,Martin,555-2584,morgan.martin.acctref.0584@example.com,Canada,5000,ACCT-1004,Blue Ridge Consulting
Casey,Hall,555-2585,casey.hall.acctref.0585@example.com,France,12000,ACCT-1005,Vertex Manufacturing
Riley,Baker,555-2586,riley.baker.acctref.0586@example.com,UK,12000,ACCT-1006,Summit Retail
Jamie,Anderson,555-2587,jamie.anderson.acctref.0587@example.com,Germany,15000,ACCT-1007,Pioneer Logistics
Avery,Clark,555-2588,avery.clark.acctref.0588@example.com,US,15000,ACCT-1008,Brightline Software
Quinn,Wright,555-2589,quinn.wright.acctref.0589@example.com,Ireland,10000,ACCT-1009,Oak & Stone Ltd
Drew,Johnson,555-2590,drew.johnson.acctref.0590@example.com,Australia,30000,ACCT-1010,Riverbend Finance
Cameron,Jackson,555-2591,cameron.jackson.acctref.0591@example.com,Canada,30000,ACCT-1011,Atlas Healthcare
Reese,Allen,555-2592,reese.allen.acctref.0592@example.com,France,5000,ACCT-1012,Cedar Grove Energy
Parker,Adams,555-2593,parker.adams.acctref.0593@example.com,UK,7500,ACCT-1013,Horizon Education
Rowan,Thomas,555-2594,rowan.thomas.acctref.0594@example.com,Germany,30000,ACCT-1014,Silverline Telecom
Finley,Lewis,555-2595,finley.lewis.acctref.0595@example.com,US,12000,ACCT-1015,Redwood Partners
Harper,Scott,555-2596,harper.scott.acctref.0596@example.com,Ireland,5000,ACCT-1016,Maple Leaf Foods
Blake,Brown,555-2597,blake.brown.acctref.0597@example.com,Australia,10000,ACCT-1017,Urban Peak Design
Emerson,White,555-2598,emerson.white.acctref.0598@example.com,Canada,10000,ACCT-1018,Keystone Services
Skyler,Young,555-2599,skyler.young.acctref.0599@example.com,France,25000,ACCT-1019,Lighthouse Labs
Bailey,Doe,555-2600,bailey.doe.acctref.0600@example.com,UK,5000,ACCT-1020,Evergreen Markets
Jane,Moore,555-2601,jane.moore.acctref.0601@example.com,Germany,2500,ACCT-1001,Acme Corp
John,Walker,555-2602,john.walker.acctref.0602@example.com,US,15000,ACCT-1002,Global Media
Alex,Green,555-2603,alex.green.acctref.0603@example.com,Ireland,5000,ACCT-1003,Northstar Systems
Sam,Taylor,555-2604,sam.taylor.acctref.0604@example.com,Australia,7500,ACCT-1004,Blue Ridge Consulting
Chris,Harris,555-2605,chris.harris.acctref.0605@example.com,Canada,12000,ACCT-1005,Vertex Manufacturing
Taylor,King,555-2606,taylor.king.acctref.0606@example.com,France,2500,ACCT-1006,Summit Retail
Jordan,Smith,555-2607,jordan.smith.acctref.0607@example.com,UK,15000,ACCT-1007,Pioneer Logistics
Morgan,Martin,555-2608,morgan.martin.acctref.0608@example.com,Germany,30000,ACCT-1008,Brightline Software
Casey,Hall,555-2609,casey.hall.acctref.0609@example.com,US,10000,ACCT-1009,Oak & Stone Ltd
Riley,Baker,555-2610,riley.baker.acctref.0610@example.com,Ireland,2500,ACCT-1010,Riverbend Finance
Jamie,Anderson,555-2611,jamie.anderson.acctref.0611@example.com,Australia,10000,ACCT-1011,Atlas Healthcare
Avery,Clark,555-2612,avery.clark.acctref.0612@example.com,Canada,25000,ACCT-1012,Cedar Grove Energy
Quinn,Wright,555-2613,quinn.wright.acctref.0613@example.com,France,10000,ACCT-1013,Horizon Education
Drew,Johnson,555-2614,drew.johnson.acctref.0614@example.com,UK,10000,ACCT-1014,Silverline Telecom
Cameron,Jackson,555-2615,cameron.jackson.acctref.0615@example.com,Germany,5000,ACCT-1015,Redwood Partners
Reese,Allen,555-2616,reese.allen.acctref.0616@example.com,US,15000,ACCT-1016,Maple Leaf Foods
Parker,Adams,555-2617,parker.adams.acctref.0617@example.com,Ireland,20000,ACCT-1017,Urban Peak Design
Rowan,Thomas,555-2618,rowan.thomas.acctref.0618@example.com,Australia,25000,ACCT-1018,Keystone Services
Finley,Lewis,555-2619,finley.lewis.acctref.0619@example.com,Canada,5000,ACCT-1019,Lighthouse Labs
Harper,Scott,555-2620,harper.scott.acctref.0620@example.com,France,5000,ACCT-1020,Evergreen Markets
Blake,Brown,555-2621,blake.brown.acctref.0621@example.com,UK,2500,ACCT-1001,Acme Corp
Emerson,White,555-2622,emerson.white.acctref.0622@example.com,Germany,30000,ACCT-1002,Global Media
Skyler,Young,555-2623,skyler.young.acctref.0623@example.com,US,10000,ACCT-1003,Northstar Systems
Bailey,Doe,555-2624,bailey.doe.acctref.0624@example.com,Ireland,5000,ACCT-1004,Blue Ridge Consulting
Jane,Moore,555-2625,jane.moore.acctref.0625@example.com,Australia,15000,ACCT-1005,Vertex Manufacturing
John,Walker,555-2626,john.walker.acctref.0626@example.com,Canada,5000,ACCT-1006,Summit Retail
Alex,Green,555-2627,alex.green.acctref.0627@example.com,France,7500,ACCT-1007,Pioneer Logistics
Sam,Taylor,555-2628,sam.taylor.acctref.0628@example.com,UK,25000,ACCT-1008,Brightline Software
Chris,Harris,555-2629,chris.harris.acctref.0629@example.com,Germany,15000,ACCT-1009,Oak & Stone Ltd
Taylor,King,555-2630,taylor.king.acctref.0630@example.com,US,10000,ACCT-1010,Riverbend Finance
Jordan,Smith,555-2631,jordan.smith.acctref.0631@example.com,Ireland,25000,ACCT-1011,Atlas Healthcare
Morgan,Martin,555-2632,morgan.martin.acctref.0632@example.com,Australia,30000,ACCT-1012,Cedar Grove Energy
Casey,Hall,555-2633,casey.hall.acctref.0633@example.com,Canada,5000,ACCT-1013,Horizon Education
Riley,Baker,555-2634,riley.baker.acctref.0634@example.com,France,15000,ACCT-1014,Silverline Telecom
Jamie,Anderson,555-2635,jamie.anderson.acctref.0635@example.com,UK,15000,ACCT-1015,Redwood Partners
Avery,Clark,555-2636,avery.clark.acctref.0636@example.com,Germany,30000,ACCT-1016,Maple Leaf Foods
Quinn,Wright,555-2637,quinn.wright.acctref.0637@example.com,US,10000,ACCT-1017,Urban Peak Design
Drew,Johnson,555-2638,drew.johnson.acctref.0638@example.com,Ireland,25000,ACCT-1018,Keystone Services
Cameron,Jackson,555-2639,cameron.jackson.acctref.0639@example.com,Australia,30000,ACCT-1019,Lighthouse Labs
Reese,Allen,555-2640,reese.allen.acctref.0640@example.com,Canada,30000,ACCT-1020,Evergreen Markets
Parker,Adams,555-2641,parker.adams.acctref.0641@example.com,France,15000,ACCT-1001,Acme Corp
Rowan,Thomas,555-2642,rowan.thomas.acctref.0642@example.com,UK,20000,ACCT-1002,Global Media
Finley,Lewis,555-2643,finley.lewis.acctref.0643@example.com,Germany,25000,ACCT-1003,Northstar Systems
Harper,Scott,555-2644,harper.scott.acctref.0644@example.com,US,12000,ACCT-1004,Blue Ridge Consulting
Blake,Brown,555-2645,blake.brown.acctref.0645@example.com,Ireland,20000,ACCT-1005,Vertex Manufacturing
Emerson,White,555-2646,emerson.white.acctref.0646@example.com,Australia,20000,ACCT-1006,Summit Retail
Skyler,Young,555-2647,skyler.young.acctref.0647@example.com,Canada,10000,ACCT-1007,Pioneer Logistics
Bailey,Doe,555-2648,bailey.doe.acctref.0648@example.com,France,5000,ACCT-1008,Brightline Software
Jane,Moore,555-2649,jane.moore.acctref.0649@example.com,UK,20000,ACCT-1009,Oak & Stone Ltd
John,Walker,555-2650,john.walker.acctref.0650@example.com,Germany,30000,ACCT-1010,Riverbend Finance
Alex,Green,555-2651,alex.green.acctref.0651@example.com,US,7500,ACCT-1011,Atlas Healthcare
Sam,Taylor,555-2652,sam.taylor.acctref.0652@example.com,Ireland,7500,ACCT-1012,Cedar Grove Energy
Chris,Harris,555-2653,chris.harris.acctref.0653@example.com,Australia,30000,ACCT-1013,Horizon Education
Taylor,King,555-2654,taylor.king.acctref.0654@example.com,Canada,10000,ACCT-1014,Silverline Telecom
Jordan,Smith,555-2655,jordan.smith.acctref.0655@example.com,France,5000,ACCT-1015,Redwood Partners
Morgan,Martin,555-2656,morgan.martin.acctref.0656@example.com,UK,5000,ACCT-1016,Maple Leaf Foods
Casey,Hall,555-2657,casey.hall.acctref.0657@example.com,Germany,15000,ACCT-1017,Urban Peak Design
Riley,Baker,555-2658,riley.baker.acctref.0658@example.com,US,12000,ACCT-1018,Keystone Services
Jamie,Anderson,555-2659,jamie.anderson.acctref.0659@example.com,Ireland,15000,ACCT-1019,Lighthouse Labs
Avery,Clark,555-2660,avery.clark.acctref.0660@example.com,Australia,30000,ACCT-1020,Evergreen Markets
Quinn,Wright,555-2661,quinn.wright.acctref.0661@example.com,Canada,15000,ACCT-1001,Acme Corp
Drew,Johnson,555-2662,drew.johnson.acctref.0662@example.com,France,2500,ACCT-1002,Global Media
Cameron,Jackson,555-2663,cameron.jackson.acctref.0663@example.com,UK,20000,ACCT-1003,Northstar Systems
Reese,Allen,555-2664,reese.allen.acctref.0664@example.com,Germany,25000,ACCT-1004,Blue Ridge Consulting
Parker,Adams,555-2665,parker.adams.acctref.0665@example.com,US,12000,ACCT-1005,Vertex Manufacturing
Rowan,Thomas,555-2666,rowan.thomas.acctref.0666@example.com,Ireland,15000,ACCT-1006,Summit Retail
Finley,Lewis,555-2667,finley.lewis.acctref.0667@example.com,Australia,30000,ACCT-1007,Pioneer Logistics
Harper,Scott,555-2668,harper.scott.acctref.0668@example.com,Canada,7500,ACCT-1008,Brightline Software
Blake,Brown,555-2669,blake.brown.acctref.0669@example.com,France,25000,ACCT-1009,Oak & Stone Ltd
Emerson,White,555-2670,emerson.white.acctref.0670@example.com,UK,2500,ACCT-1010,Riverbend Finance
Skyler,Young,555-2671,skyler.young.acctref.0671@example.com,Germany,25000,ACCT-1011,Atlas Healthcare
Bailey,Doe,555-2672,bailey.doe.acctref.0672@example.com,US,2500,ACCT-1012,Cedar Grove Energy
Jane,Moore,555-2673,jane.moore.acctref.0673@example.com,Ireland,30000,ACCT-1013,Horizon Education
John,Walker,555-2674,john.walker.acctref.0674@example.com,Australia,30000,ACCT-1014,Silverline Telecom
Alex,Green,555-2675,alex.green.acctref.0675@example.com,Canada,2500,ACCT-1015,Redwood Partners
Sam,Taylor,555-2676,sam.taylor.acctref.0676@example.com,France,20000,ACCT-1016,Maple Leaf Foods
Chris,Harris,555-2677,chris.harris.acctref.0677@example.com,UK,12000,ACCT-1017,Urban Peak Design
Taylor,King,555-2678,taylor.king.acctref.0678@example.com,Germany,25000,ACCT-1018,Keystone Services
Jordan,Smith,555-2679,jordan.smith.acctref.0679@example.com,US,5000,ACCT-1019,Lighthouse Labs
Morgan,Martin,555-2680,morgan.martin.acctref.0680@example.com,Ireland,20000,ACCT-1020,Evergreen Markets
Casey,Hall,555-2681,casey.hall.acctref.0681@example.com,Australia,2500,ACCT-1001,Acme Corp
Riley,Baker,555-2682,riley.baker.acctref.0682@example.com,Canada,5000,ACCT-1002,Global Media
Jamie,Anderson,555-2683,jamie.anderson.acctref.0683@example.com,France,20000,ACCT-1003,Northstar Systems
Avery,Clark,555-2684,avery.clark.acctref.0684@example.com,UK,15000,ACCT-1004,Blue Ridge Consulting
Quinn,Wright,555-2685,quinn.wright.acctref.0685@example.com,Germany,2500,ACCT-1005,Vertex Manufacturing
Drew,Johnson,555-2686,drew.johnson.acctref.0686@example.com,US,5000,ACCT-1006,Summit Retail
Cameron,Jackson,555-2687,cameron.jackson.acctref.0687@example.com,Ireland,7500,ACCT-1007,Pioneer Logistics
Reese,Allen,555-2688,reese.allen.acctref.0688@example.com,Australia,25000,ACCT-1008,Brightline Software
Parker,Adams,555-2689,parker.adams.acctref.0689@example.com,Canada,2500,ACCT-1009,Oak & Stone Ltd
Rowan,Thomas,555-2690,rowan.thomas.acctref.0690@example.com,France,5000,ACCT-1010,Riverbend Finance
Finley,Lewis,555-2691,finley.lewis.acctref.0691@example.com,UK,25000,ACCT-1011,Atlas Healthcare
Harper,Scott,555-2692,harper.scott.acctref.0692@example.com,Germany,5000,ACCT-1012,Cedar Grove Energy
Blake,Brown,555-2693,blake.brown.acctref.0693@example.com,US,25000,ACCT-1013,Horizon Education
Emerson,White,555-2694,emerson.white.acctref.0694@example.com,Ireland,20000,ACCT-1014,Silverline Telecom
Skyler,Young,555-2695,skyler.young.acctref.0695@example.com,Australia,7500,ACCT-1015,Redwood Partners
Bailey,Doe,555-2696,bailey.doe.acctref.0696@example.com,Canada,12000,ACCT-1016,Maple Leaf Foods
Jane,Moore,555-2697,jane.moore.acctref.0697@example.com,France,30000,ACCT-1017,Urban Peak Design
John,Walker,555-2698,john.walker.acctref.0698@example.com,UK,20000,ACCT-1018,Keystone Services
Alex,Green,555-2699,alex.green.acctref.0699@example.com,Germany,15000,ACCT-1019,Lighthouse Labs
Sam,Taylor,555-2700,sam.taylor.acctref.0700@example.com,US,7500,ACCT-1020,Evergreen Markets
Chris,Harris,555-2701,chris.harris.acctref.0701@example.com,Ireland,30000,ACCT-1001,Acme Corp
Taylor,King,555-2702,taylor.king.acctref.0702@example.com,Australia,5000,ACCT-1002,Global Media
Jordan,Smith,555-2703,jordan.smith.acctref.0703@example.com,Canada,12000,ACCT-1003,Northstar Systems
Morgan,Martin,555-2704,morgan.martin.acctref.0704@example.com,France,7500,ACCT-1004,Blue Ridge Consulting
Casey,Hall,555-2705,casey.hall.acctref.0705@example.com,UK,10000,ACCT-1005,Vertex Manufacturing
Riley,Baker,555-2706,riley.baker.acctref.0706@example.com,Germany,15000,ACCT-1006,Summit Retail
Jamie,Anderson,555-2707,jamie.anderson.acctref.0707@example.com,US,15000,ACCT-1007,Pioneer Logistics
Avery,Clark,555-2708,avery.clark.acctref.0708@example.com,Ireland,30000,ACCT-1008,Brightline Software
Quinn,Wright,555-2709,quinn.wright.acctref.0709@example.com,Australia,12000,ACCT-1009,Oak & Stone Ltd
Drew,Johnson,555-2710,drew.johnson.acctref.0710@example.com,Canada,30000,ACCT-1010,Riverbend Finance
Cameron,Jackson,555-2711,cameron.jackson.acctref.0711@example.com,France,15000,ACCT-1011,Atlas Healthcare
Reese,Allen,555-2712,reese.allen.acctref.0712@example.com,UK,30000,ACCT-1012,Cedar Grove Energy
Parker,Adams,555-2713,parker.adams.acctref.0713@example.com,Germany,10000,ACCT-1013,Horizon Education
Rowan,Thomas,555-2714,rowan.thomas.acctref.0714@example.com,US,5000,ACCT-1014,Silverline Telecom
Finley,Lewis,555-2715,finley.lewis.acctref.0715@example.com,Ireland,2500,ACCT-1015,Redwood Partners
Harper,Scott,555-2716,harper.scott.acctref.0716@example.com,Australia,12000,ACCT-1016,Maple Leaf Foods
Blake,Brown,555-2717,blake.brown.acctref.0717@example.com,Canada,10000,ACCT-1017,Urban Peak Design
Emerson,White,555-2718,emerson.white.acctref.0718@example.com,France,2500,ACCT-1018,Keystone Services
Skyler,Young,555-2719,skyler.young.acctref.0719@example.com,UK,7500,ACCT-1019,Lighthouse Labs
Bailey,Doe,555-2720,bailey.doe.acctref.0720@example.com,Germany,25000,ACCT-1020,Evergreen Markets
Jane,Moore,555-2721,jane.moore.acctref.0721@example.com,US,12000,ACCT-1001,Acme Corp
John,Walker,555-2722,john.walker.acctref.0722@example.com,Ireland,2500,ACCT-1002,Global Media
Alex,Green,555-2723,alex.green.acctref.0723@example.com,Australia,30000,ACCT-1003,Northstar Systems
Sam,Taylor,555-2724,sam.taylor.acctref.0724@example.com,Canada,30000,ACCT-1004,Blue Ridge Consulting
Chris,Harris,555-2725,chris.harris.acctref.0725@example.com,France,30000,ACCT-1005,Vertex Manufacturing
Taylor,King,555-2726,taylor.king.acctref.0726@example.com,UK,2500,ACCT-1006,Summit Retail
Jordan,Smith,555-2727,jordan.smith.acctref.0727@example.com,Germany,7500,ACCT-1007,Pioneer Logistics
Morgan,Martin,555-2728,morgan.martin.acctref.0728@example.com,US,10000,ACCT-1008,Brightline Software
Casey,Hall,555-2729,casey.hall.acctref.0729@example.com,Ireland,15000,ACCT-1009,Oak & Stone Ltd
Riley,Baker,555-2730,riley.baker.acctref.0730@example.com,Australia,20000,ACCT-1010,Riverbend Finance
Jamie,Anderson,555-2731,jamie.anderson.acctref.0731@example.com,Canada,30000,ACCT-1011,Atlas Healthcare
Avery,Clark,555-2732,avery.clark.acctref.0732@example.com,France,5000,ACCT-1012,Cedar Grove Energy
Quinn,Wright,555-2733,quinn.wright.acctref.0733@example.com,UK,7500,ACCT-1013,Horizon Education
Drew,Johnson,555-2734,drew.johnson.acctref.0734@example.com,Germany,30000,ACCT-1014,Silverline Telecom
Cameron,Jackson,555-2735,cameron.jackson.acctref.0735@example.com,US,30000,ACCT-1015,Redwood Partners
Reese,Allen,555-2736,reese.allen.acctref.0736@example.com,Ireland,15000,ACCT-1016,Maple Leaf Foods
Parker,Adams,555-2737,parker.adams.acctref.0737@example.com,Australia,10000,ACCT-1017,Urban Peak Design
Rowan,Thomas,555-2738,rowan.thomas.acctref.0738@example.com,Canada,25000,ACCT-1018,Keystone Services
Finley,Lewis,555-2739,finley.lewis.acctref.0739@example.com,France,7500,ACCT-1019,Lighthouse Labs
Harper,Scott,555-2740,harper.scott.acctref.0740@example.com,UK,2500,ACCT-1020,Evergreen Markets
Blake,Brown,555-2741,blake.brown.acctref.0741@example.com,Germany,7500,ACCT-1001,Acme Corp
Emerson,White,555-2742,emerson.white.acctref.0742@example.com,US,15000,ACCT-1002,Global Media
Skyler,Young,555-2743,skyler.young.acctref.0743@example.com,Ireland,20000,ACCT-1003,Northstar Systems
Bailey,Doe,555-2744,bailey.doe.acctref.0744@example.com,Australia,7500,ACCT-1004,Blue Ridge Consulting
Jane,Moore,555-2745,jane.moore.acctref.0745@example.com,Canada,12000,ACCT-1005,Vertex Manufacturing
John,Walker,555-2746,john.walker.acctref.0746@example.com,France,30000,ACCT-1006,Summit Retail
Alex,Green,555-2747,alex.green.acctref.0747@example.com,UK,12000,ACCT-1007,Pioneer Logistics
Sam,Taylor,555-2748,sam.taylor.acctref.0748@example.com,Germany,15000,ACCT-1008,Brightline Software
Chris,Harris,555-2749,chris.harris.acctref.0749@example.com,US,20000,ACCT-1009,Oak & Stone Ltd
Taylor,King,555-2750,taylor.king.acctref.0750@example.com,Ireland,10000,ACCT-1010,Riverbend Finance
Jordan,Smith,555-2751,jordan.smith.acctref.0751@example.com,Australia,5000,ACCT-1011,Atlas Healthcare
Morgan,Martin,555-2752,morgan.martin.acctref.0752@example.com,Canada,12000,ACCT-1012,Cedar Grove Energy
Casey,Hall,555-2753,casey.hall.acctref.0753@example.com,France,12000,ACCT-1013,Horizon Education
Riley,Baker,555-2754,riley.baker.acctref.0754@example.com,UK,20000,ACCT-1014,Silverline Telecom
Jamie,Anderson,555-2755,jamie.anderson.acctref.0755@example.com,Germany,7500,ACCT-1015,Redwood Partners
Avery,Clark,555-2756,avery.clark.acctref.0756@example.com,US,12000,ACCT-1016,Maple Leaf Foods
Quinn,Wright,555-2757,quinn.wright.acctref.0757@example.com,Ireland,20000,ACCT-1017,Urban Peak Design
Drew,Johnson,555-2758,drew.johnson.acctref.0758@example.com,Australia,30000,ACCT-1018,Keystone Services
Cameron,Jackson,555-2759,cameron.jackson.acctref.0759@example.com,Canada,5000,ACCT-1019,Lighthouse Labs
Reese,Allen,555-2760,reese.allen.acctref.0760@example.com,France,10000,ACCT-1020,Evergreen Markets
Parker,Adams,555-2761,parker.adams.acctref.0761@example.com,UK,25000,ACCT-1001,Acme Corp
Rowan,Thomas,555-2762,rowan.thomas.acctref.0762@example.com,Germany,30000,ACCT-1002,Global Media
Finley,Lewis,555-2763,finley.lewis.acctref.0763@example.com,US,25000,ACCT-1003,Northstar Systems
Harper,Scott,555-2764,harper.scott.acctref.0764@example.com,Ireland,20000,ACCT-1004,Blue Ridge Consulting
Blake,Brown,555-2765,blake.brown.acctref.0765@example.com,Australia,2500,ACCT-1005,Vertex Manufacturing
Emerson,White,555-2766,emerson.white.acctref.0766@example.com,Canada,15000,ACCT-1006,Summit Retail
Skyler,Young,555-2767,skyler.young.acctref.0767@example.com,France,30000,ACCT-1007,Pioneer Logistics
Bailey,Doe,555-2768,bailey.doe.acctref.0768@example.com,UK,2500,ACCT-1008,Brightline Software
Jane,Moore,555-2769,jane.moore.acctref.0769@example.com,Germany,20000,ACCT-1009,Oak & Stone Ltd
John,Walker,555-2770,john.walker.acctref.0770@example.com,US,30000,ACCT-1010,Riverbend Finance
Alex,Green,555-2771,alex.green.acctref.0771@example.com,Ireland,7500,ACCT-1011,Atlas Healthcare
Sam,Taylor,555-2772,sam.taylor.acctref.0772@example.com,Australia,20000,ACCT-1012,Cedar Grove Energy
Chris,Harris,555-2773,chris.harris.acctref.0773@example.com,Canada,15000,ACCT-1013,Horizon Education
Taylor,King,555-2774,taylor.king.acctref.0774@example.com,France,25000,ACCT-1014,Silverline Telecom
Jordan,Smith,555-2775,jordan.smith.acctref.0775@example.com,UK,5000,ACCT-1015,Redwood Partners
Morgan,Martin,555-2776,morgan.martin.acctref.0776@example.com,Germany,30000,ACCT-1016,Maple Leaf Foods
Casey,Hall,555-2777,casey.hall.acctref.0777@example.com,US,10000,ACCT-1017,Urban Peak Design
Riley,Baker,555-2778,riley.baker.acctref.0778@example.com,Ireland,2500,ACCT-1018,Keystone Services
Jamie,Anderson,555-2779,jamie.anderson.acctref.0779@example.com,Australia,12000,ACCT-1019,Lighthouse Labs
Avery,Clark,555-2780,avery.clark.acctref.0780@example.com,Canada,25000,ACCT-1020,Evergreen Markets
Quinn,Wright,555-2781,quinn.wright.acctref.0781@example.com,France,2500,ACCT-1001,Acme Corp
Drew,Johnson,555-2782,drew.johnson.acctref.0782@example.com,UK,5000,ACCT-1002,Global Media
Cameron,Jackson,555-2783,cameron.jackson.acctref.0783@example.com,Germany,15000,ACCT-1003,Northstar Systems
Reese,Allen,555-2784,reese.allen.acctref.0784@example.com,US,20000,ACCT-1004,Blue Ridge Consulting
Parker,Adams,555-2785,parker.adams.acctref.0785@example.com,Ireland,15000,ACCT-1005,Vertex Manufacturing
Rowan,Thomas,555-2786,rowan.thomas.acctref.0786@example.com,Australia,7500,ACCT-1006,Summit Retail
Finley,Lewis,555-2787,finley.lewis.acctref.0787@example.com,Canada,7500,ACCT-1007,Pioneer Logistics
Harper,Scott,555-2788,harper.scott.acctref.0788@example.com,France,30000,ACCT-1008,Brightline Software
Blake,Brown,555-2789,blake.brown.acctref.0789@example.com,UK,2500,ACCT-1009,Oak & Stone Ltd
Emerson,White,555-2790,emerson.white.acctref.0790@example.com,Germany,15000,ACCT-1010,Riverbend Finance
Skyler,Young,555-2791,skyler.young.acctref.0791@example.com,US,15000,ACCT-1011,Atlas Healthcare
Bailey,Doe,555-2792,bailey.doe.acctref.0792@example.com,Ireland,25000,ACCT-1012,Cedar Grove Energy
Jane,Moore,555-2793,jane.moore.acctref.0793@example.com,Australia,5000,ACCT-1013,Horizon Education
John,Walker,555-2794,john.walker.acctref.0794@example.com,Canada,30000,ACCT-1014,Silverline Telecom
Alex,Green,555-2795,alex.green.acctref.0795@example.com,France,20000,ACCT-1015,Redwood Partners
Sam,Taylor,555-2796,sam.taylor.acctref.0796@example.com,UK,5000,ACCT-1016,Maple Leaf Foods
Chris,Harris,555-2797,chris.harris.acctref.0797@example.com,Germany,30000,ACCT-1017,Urban Peak Design
Taylor,King,555-2798,taylor.king.acctref.0798@example.com,US,10000,ACCT-1018,Keystone Services
Jordan,Smith,555-2799,jordan.smith.acctref.0799@example.com,Ireland,12000,ACCT-1019,Lighthouse Labs
Morgan,Martin,555-2800,morgan.martin.acctref.0800@example.com,Australia,5000,ACCT-1020,Evergreen Markets
Casey,Hall,555-2801,casey.hall.acctref.0801@example.com,Canada,25000,ACCT-1001,Acme Corp
Riley,Baker,555-2802,riley.baker.acctref.0802@example.com,France,20000,ACCT-1002,Global Media
Jamie,Anderson,555-2803,jamie.anderson.acctref.0803@example.com,UK,20000,ACCT-1003,Northstar Systems
Avery,Clark,555-2804,avery.clark.acctref.0804@example.com,Germany,20000,ACCT-1004,Blue Ridge Consulting
Quinn,Wright,555-2805,quinn.wright.acctref.0805@example.com,US,7500,ACCT-1005,Vertex Manufacturing
Drew,Johnson,555-2806,drew.johnson.acctref.0806@example.com,Ireland,2500,ACCT-1006,Summit Retail
Cameron,Jackson,555-2807,cameron.jackson.acctref.0807@example.com,Australia,2500,ACCT-1007,Pioneer Logistics
Reese,Allen,555-2808,reese.allen.acctref.0808@example.com,Canada,5000,ACCT-1008,Brightline Software
Parker,Adams,555-2809,parker.adams.acctref.0809@example.com,France,12000,ACCT-1009,Oak & Stone Ltd
Rowan,Thomas,555-2810,rowan.thomas.acctref.0810@example.com,UK,2500,ACCT-1010,Riverbend Finance
Finley,Lewis,555-2811,finley.lewis.acctref.0811@example.com,Germany,2500,ACCT-1011,Atlas Healthcare
Harper,Scott,555-2812,harper.scott.acctref.0812@example.com,US,20000,ACCT-1012,Cedar Grove Energy
Blake,Brown,555-2813,blake.brown.acctref.0813@example.com,Ireland,7500,ACCT-1013,Horizon Education
Emerson,White,555-2814,emerson.white.acctref.0814@example.com,Australia,15000,ACCT-1014,Silverline Telecom
Skyler,Young,555-2815,skyler.young.acctref.0815@example.com,Canada,30000,ACCT-1015,Redwood Partners
Bailey,Doe,555-2816,bailey.doe.acctref.0816@example.com,France,5000,ACCT-1016,Maple Leaf Foods
Jane,Moore,555-2817,jane.moore.acctref.0817@example.com,UK,20000,ACCT-1017,Urban Peak Design
John,Walker,555-2818,john.walker.acctref.0818@example.com,Germany,20000,ACCT-1018,Keystone Services
Alex,Green,555-2819,alex.green.acctref.0819@example.com,US,30000,ACCT-1019,Lighthouse Labs
Sam,Taylor,555-2820,sam.taylor.acctref.0820@example.com,Ireland,12000,ACCT-1020,Evergreen Markets
Chris,Harris,555-2821,chris.harris.acctref.0821@example.com,Australia,25000,ACCT-1001,Acme Corp
Taylor,King,555-2822,taylor.king.acctref.0822@example.com,Canada,15000,ACCT-1002,Global Media
Jordan,Smith,555-2823,jordan.smith.acctref.0823@example.com,France,7500,ACCT-1003,Northstar Systems
Morgan,Martin,555-2824,morgan.martin.acctref.0824@example.com,UK,25000,ACCT-1004,Blue Ridge Consulting
Casey,Hall,555-2825,casey.hall.acctref.0825@example.com,Germany,15000,ACCT-1005,Vertex Manufacturing
Riley,Baker,555-2826,riley.baker.acctref.0826@example.com,US,30000,ACCT-1006,Summit Retail
Jamie,Anderson,555-2827,jamie.anderson.acctref.0827@example.com,Ireland,15000,ACCT-1007,Pioneer Logistics
Avery,Clark,555-2828,avery.clark.acctref.0828@example.com,Australia,7500,ACCT-1008,Brightline Software
Quinn,Wright,555-2829,quinn.wright.acctref.0829@example.com,Canada,20000,ACCT-1009,Oak & Stone Ltd
Drew,Johnson,555-2830,drew.johnson.acctref.0830@example.com,France,20000,ACCT-1010,Riverbend Finance
Cameron,Jackson,555-2831,cameron.jackson.acctref.0831@example.com,UK,25000,ACCT-1011,Atlas Healthcare
Reese,Allen,555-2832,reese.allen.acctref.0832@example.com,Germany,5000,ACCT-1012,Cedar Grove Energy
Parker,Adams,555-2833,parker.adams.acctref.0833@example.com,US,25000,ACCT-1013,Horizon Education
Rowan,Thomas,555-2834,rowan.thomas.acctref.0834@example.com,Ireland,12000,ACCT-1014,Silverline Telecom
Finley,Lewis,555-2835,finley.lewis.acctref.0835@example.com,Australia,7500,ACCT-1015,Redwood Partners
Harper,Scott,555-2836,harper.scott.acctref.0836@example.com,Canada,20000,ACCT-1016,Maple Leaf Foods
Blake,Brown,555-2837,blake.brown.acctref.0837@example.com,France,15000,ACCT-1017,Urban Peak Design
Emerson,White,555-2838,emerson.white.acctref.0838@example.com,UK,2500,ACCT-1018,Keystone Services
Skyler,Young,555-2839,skyler.young.acctref.0839@example.com,Germany,2500,ACCT-1019,Lighthouse Labs
Bailey,Doe,555-2840,bailey.doe.acctref.0840@example.com,US,15000,ACCT-1020,Evergreen Markets
Jane,Moore,555-2841,jane.moore.acctref.0841@example.com,Ireland,10000,ACCT-1001,Acme Corp
John,Walker,555-2842,john.walker.acctref.0842@example.com,Australia,12000,ACCT-1002,Global Media
Alex,Green,555-2843,alex.green.acctref.0843@example.com,Canada,15000,ACCT-1003,Northstar Systems
Sam,Taylor,555-2844,sam.taylor.acctref.0844@example.com,France,5000,ACCT-1004,Blue Ridge Consulting
Chris,Harris,555-2845,chris.harris.acctref.0845@example.com,UK,5000,ACCT-1005,Vertex Manufacturing
Taylor,King,555-2846,taylor.king.acctref.0846@example.com,Germany,10000,ACCT-1006,Summit Retail
Jordan,Smith,555-2847,jordan.smith.acctref.0847@example.com,US,20000,ACCT-1007,Pioneer Logistics
Morgan,Martin,555-2848,morgan.martin.acctref.0848@example.com,Ireland,5000,ACCT-1008,Brightline Software
Casey,Hall,555-2849,casey.hall.acctref.0849@example.com,Australia,7500,ACCT-1009,Oak & Stone Ltd
Riley,Baker,555-2850,riley.baker.acctref.0850@example.com,Canada,15000,ACCT-1010,Riverbend Finance
Jamie,Anderson,555-2851,jamie.anderson.acctref.0851@example.com,France,2500,ACCT-1011,Atlas Healthcare
Avery,Clark,555-2852,avery.clark.acctref.0852@example.com,UK,20000,ACCT-1012,Cedar Grove Energy
Quinn,Wright,555-2853,quinn.wright.acctref.0853@example.com,Germany,7500,ACCT-1013,Horizon Education
Drew,Johnson,555-2854,drew.johnson.acctref.0854@example.com,US,12000,ACCT-1014,Silverline Telecom
Cameron,Jackson,555-2855,cameron.jackson.acctref.0855@example.com,Ireland,20000,ACCT-1015,Redwood Partners
Reese,Allen,555-2856,reese.allen.acctref.0856@example.com,Australia,12000,ACCT-1016,Maple Leaf Foods
Parker,Adams,555-2857,parker.adams.acctref.0857@example.com,Canada,10000,ACCT-1017,Urban Peak Design
Rowan,Thomas,555-2858,rowan.thomas.acctref.0858@example.com,France,12000,ACCT-1018,Keystone Services
Finley,Lewis,555-2859,finley.lewis.acctref.0859@example.com,UK,5000,ACCT-1019,Lighthouse Labs
Harper,Scott,555-2860,harper.scott.acctref.0860@example.com,Germany,25000,ACCT-1020,Evergreen Markets
Blake,Brown,555-2861,blake.brown.acctref.0861@example.com,US,7500,ACCT-1001,Acme Corp
Emerson,White,555-2862,emerson.white.acctref.0862@example.com,Ireland,5000,ACCT-1002,Global Media
Skyler,Young,555-2863,skyler.young.acctref.0863@example.com,Australia,2500,ACCT-1003,Northstar Systems
Bailey,Doe,555-2864,bailey.doe.acctref.0864@example.com,Canada,5000,ACCT-1004,Blue Ridge Consulting
Jane,Moore,555-2865,jane.moore.acctref.0865@example.com,France,30000,ACCT-1005,Vertex Manufacturing
John,Walker,555-2866,john.walker.acctref.0866@example.com,UK,12000,ACCT-1006,Summit Retail
Alex,Green,555-2867,alex.green.acctref.0867@example.com,Germany,25000,ACCT-1007,Pioneer Logistics
Sam,Taylor,555-2868,sam.taylor.acctref.0868@example.com,US,12000,ACCT-1008,Brightline Software
Chris,Harris,555-2869,chris.harris.acctref.0869@example.com,Ireland,15000,ACCT-1009,Oak & Stone Ltd
Taylor,King,555-2870,taylor.king.acctref.0870@example.com,Australia,5000,ACCT-1010,Riverbend Finance
Jordan,Smith,555-2871,jordan.smith.acctref.0871@example.com,Canada,25000,ACCT-1011,Atlas Healthcare
Morgan,Martin,555-2872,morgan.martin.acctref.0872@example.com,France,20000,ACCT-1012,Cedar Grove Energy
Casey,Hall,555-2873,casey.hall.acctref.0873@example.com,UK,20000,ACCT-1013,Horizon Education
Riley,Baker,555-2874,riley.baker.acctref.0874@example.com,Germany,25000,ACCT-1014,Silverline Telecom
Jamie,Anderson,555-2875,jamie.anderson.acctref.0875@example.com,US,7500,ACCT-1015,Redwood Partners
Avery,Clark,555-2876,avery.clark.acctref.0876@example.com,Ireland,30000,ACCT-1016,Maple Leaf Foods
Quinn,Wright,555-2877,quinn.wright.acctref.0877@example.com,Australia,5000,ACCT-1017,Urban Peak Design
Drew,Johnson,555-2878,drew.johnson.acctref.0878@example.com,Canada,5000,ACCT-1018,Keystone Services
Cameron,Jackson,555-2879,cameron.jackson.acctref.0879@example.com,France,7500,ACCT-1019,Lighthouse Labs
Reese,Allen,555-2880,reese.allen.acctref.0880@example.com,UK,15000,ACCT-1020,Evergreen Markets
Parker,Adams,555-2881,parker.adams.acctref.0881@example.com,Germany,25000,ACCT-1001,Acme Corp
Rowan,Thomas,555-2882,rowan.thomas.acctref.0882@example.com,US,5000,ACCT-1002,Global Media
Finley,Lewis,555-2883,finley.lewis.acctref.0883@example.com,Ireland,7500,ACCT-1003,Northstar Systems
Harper,Scott,555-2884,harper.scott.acctref.0884@example.com,Australia,10000,ACCT-1004,Blue Ridge Consulting
Blake,Brown,555-2885,blake.brown.acctref.0885@example.com,Canada,15000,ACCT-1005,Vertex Manufacturing
Emerson,White,555-2886,emerson.white.acctref.0886@example.com,France,15000,ACCT-1006,Summit Retail
Skyler,Young,555-2887,skyler.young.acctref.0887@example.com,UK,20000,ACCT-1007,Pioneer Logistics
Bailey,Doe,555-2888,bailey.doe.acctref.0888@example.com,Germany,15000,ACCT-1008,Brightline Software
Jane,Moore,555-2889,jane.moore.acctref.0889@example.com,US,12000,ACCT-1009,Oak & Stone Ltd
John,Walker,555-2890,john.walker.acctref.0890@example.com,Ireland,7500,ACCT-1010,Riverbend Finance
Alex,Green,555-2891,alex.green.acctref.0891@example.com,Australia,2500,ACCT-1011,Atlas Healthcare
Sam,Taylor,555-2892,sam.taylor.acctref.0892@example.com,Canada,25000,ACCT-1012,Cedar Grove Energy
Chris,Harris,555-2893,chris.harris.acctref.0893@example.com,France,2500,ACCT-1013,Horizon Education
Taylor,King,555-2894,taylor.king.acctref.0894@example.com,UK,5000,ACCT-1014,Silverline Telecom
Jordan,Smith,555-2895,jordan.smith.acctref.0895@example.com,Germany,2500,ACCT-1015,Redwood Partners
Morgan,Martin,555-2896,morgan.martin.acctref.0896@example.com,US,12000,ACCT-1016,Maple Leaf Foods
Casey,Hall,555-2897,casey.hall.acctref.0897@example.com,Ireland,30000,ACCT-1017,Urban Peak Design
Riley,Baker,555-2898,riley.baker.acctref.0898@example.com,Australia,5000,ACCT-1018,Keystone Services
Jamie,Anderson,555-2899,jamie.anderson.acctref.0899@example.com,Canada,10000,ACCT-1019,Lighthouse Labs
Avery,Clark,555-2900,avery.clark.acctref.0900@example.com,France,10000,ACCT-1020,Evergreen Markets
Quinn,Wright,555-2901,quinn.wright.acctref.0901@example.com,UK,25000,ACCT-1001,Acme Corp
Drew,Johnson,555-2902,drew.johnson.acctref.0902@example.com,Germany,12000,ACCT-1002,Global Media
Cameron,Jackson,555-2903,cameron.jackson.acctref.0903@example.com,US,10000,ACCT-1003,Northstar Systems
Reese,Allen,555-2904,reese.allen.acctref.0904@example.com,Ireland,5000,ACCT-1004,Blue Ridge Consulting
Parker,Adams,555-2905,parker.adams.acctref.0905@example.com,Australia,2500,ACCT-1005,Vertex Manufacturing
Rowan,Thomas,555-2906,rowan.thomas.acctref.0906@example.com,Canada,5000,ACCT-1006,Summit Retail
Finley,Lewis,555-2907,finley.lewis.acctref.0907@example.com,France,15000,ACCT-1007,Pioneer Logistics
Harper,Scott,555-2908,harper.scott.acctref.0908@example.com,UK,2500,ACCT-1008,Brightline Software
Blake,Brown,555-2909,blake.brown.acctref.0909@example.com,Germany,10000,ACCT-1009,Oak & Stone Ltd
Emerson,White,555-2910,emerson.white.acctref.0910@example.com,US,30000,ACCT-1010,Riverbend Finance
Skyler,Young,555-2911,skyler.young.acctref.0911@example.com,Ireland,5000,ACCT-1011,Atlas Healthcare
Bailey,Doe,555-2912,bailey.doe.acctref.0912@example.com,Australia,2500,ACCT-1012,Cedar Grove Energy
Jane,Moore,555-2913,jane.moore.acctref.0913@example.com,Canada,25000,ACCT-1013,Horizon Education
John,Walker,555-2914,john.walker.acctref.0914@example.com,France,20000,ACCT-1014,Silverline Telecom
Alex,Green,555-2915,alex.green.acctref.0915@example.com,UK,12000,ACCT-1015,Redwood Partners
Sam,Taylor,555-2916,sam.taylor.acctref.0916@example.com,Germany,20000,ACCT-1016,Maple Leaf Foods
Chris,Harris,555-2917,chris.harris.acctref.0917@example.com,US,12000,ACCT-1017,Urban Peak Design
Taylor,King,555-2918,taylor.king.acctref.0918@example.com,Ireland,20000,ACCT-1018,Keystone Services
Jordan,Smith,555-2919,jordan.smith.acctref.0919@example.com,Australia,30000,ACCT-1019,Lighthouse Labs
Morgan,Martin,555-2920,morgan.martin.acctref.0920@example.com,Canada,25000,ACCT-1020,Evergreen Markets
Casey,Hall,555-2921,casey.hall.acctref.0921@example.com,France,5000,ACCT-1001,Acme Corp
Riley,Baker,555-2922,riley.baker.acctref.0922@example.com,UK,30000,ACCT-1002,Global Media
Jamie,Anderson,555-2923,jamie.anderson.acctref.0923@example.com,Germany,10000,ACCT-1003,Northstar Systems
Avery,Clark,555-2924,avery.clark.acctref.0924@example.com,US,7500,ACCT-1004,Blue Ridge Consulting
Quinn,Wright,555-2925,quinn.wright.acctref.0925@example.com,Ireland,2500,ACCT-1005,Vertex Manufacturing
Drew,Johnson,555-2926,drew.johnson.acctref.0926@example.com,Australia,30000,ACCT-1006,Summit Retail
Cameron,Jackson,555-2927,cameron.jackson.acctref.0927@example.com,Canada,12000,ACCT-1007,Pioneer Logistics
Reese,Allen,555-2928,reese.allen.acctref.0928@example.com,France,5000,ACCT-1008,Brightline Software
Parker,Adams,555-2929,parker.adams.acctref.0929@example.com,UK,15000,ACCT-1009,Oak & Stone Ltd
Rowan,Thomas,555-2930,rowan.thomas.acctref.0930@example.com,Germany,2500,ACCT-1010,Riverbend Finance
Finley,Lewis,555-2931,finley.lewis.acctref.0931@example.com,US,5000,ACCT-1011,Atlas Healthcare
Harper,Scott,555-2932,harper.scott.acctref.0932@example.com,Ireland,7500,ACCT-1012,Cedar Grove Energy
Blake,Brown,555-2933,blake.brown.acctref.0933@example.com,Australia,7500,ACCT-1013,Horizon Education
Emerson,White,555-2934,emerson.white.acctref.0934@example.com,Canada,12000,ACCT-1014,Silverline Telecom
Skyler,Young,555-2935,skyler.young.acctref.0935@example.com,France,15000,ACCT-1015,Redwood Partners
Bailey,Doe,555-2936,bailey.doe.acctref.0936@example.com,UK,20000,ACCT-1016,Maple Leaf Foods
Jane,Moore,555-2937,jane.moore.acctref.0937@example.com,Germany,25000,ACCT-1017,Urban Peak Design
John,Walker,555-2938,john.walker.acctref.0938@example.com,US,25000,ACCT-1018,Keystone Services
Alex,Green,555-2939,alex.green.acctref.0939@example.com,Ireland,2500,ACCT-1019,Lighthouse Labs
Sam,Taylor,555-2940,sam.taylor.acctref.0940@example.com,Australia,12000,ACCT-1020,Evergreen Markets
Chris,Harris,555-2941,chris.harris.acctref.0941@example.com,Canada,2500,ACCT-1001,Acme Corp
Taylor,King,555-2942,taylor.king.acctref.0942@example.com,France,5000,ACCT-1002,Global Media
Jordan,Smith,555-2943,jordan.smith.acctref.0943@example.com,UK,2500,ACCT-1003,Northstar Systems
Morgan,Martin,555-2944,morgan.martin.acctref.0944@example.com,Germany,20000,ACCT-1004,Blue Ridge Consulting
Casey,Hall,555-2945,casey.hall.acctref.0945@example.com,US,7500,ACCT-1005,Vertex Manufacturing
Riley,Baker,555-2946,riley.baker.acctref.0946@example.com,Ireland,20000,ACCT-1006,Summit Retail
Jamie,Anderson,555-2947,jamie.anderson.acctref.0947@example.com,Australia,7500,ACCT-1007,Pioneer Logistics
Avery,Clark,555-2948,avery.clark.acctref.0948@example.com,Canada,15000,ACCT-1008,Brightline Software
Quinn,Wright,555-2949,quinn.wright.acctref.0949@example.com,France,15000,ACCT-1009,Oak & Stone Ltd
Drew,Johnson,555-2950,drew.johnson.acctref.0950@example.com,UK,25000,ACCT-1010,Riverbend Finance
Cameron,Jackson,555-2951,cameron.jackson.acctref.0951@example.com,Germany,30000,ACCT-1011,Atlas Healthcare
Reese,Allen,555-2952,reese.allen.acctref.0952@example.com,US,25000,ACCT-1012,Cedar Grove Energy
Parker,Adams,555-2953,parker.adams.acctref.0953@example.com,Ireland,30000,ACCT-1013,Horizon Education
Rowan,Thomas,555-2954,rowan.thomas.acctref.0954@example.com,Australia,25000,ACCT-1014,Silverline Telecom
Finley,Lewis,555-2955,finley.lewis.acctref.0955@example.com,Canada,15000,ACCT-1015,Redwood Partners
Harper,Scott,555-2956,harper.scott.acctref.0956@example.com,France,7500,ACCT-1016,Maple Leaf Foods
Blake,Brown,555-2957,blake.brown.acctref.0957@example.com,UK,25000,ACCT-1017,Urban Peak Design
Emerson,White,555-2958,emerson.white.acctref.0958@example.com,Germany,2500,ACCT-1018,Keystone Services
Skyler,Young,555-2959,skyler.young.acctref.0959@example.com,US,2500,ACCT-1019,Lighthouse Labs
Bailey,Doe,555-2960,bailey.doe.acctref.0960@example.com,Ireland,20000,ACCT-1020,Evergreen Markets
Jane,Moore,555-2961,jane.moore.acctref.0961@example.com,Australia,12000,ACCT-1001,Acme Corp
John,Walker,555-2962,john.walker.acctref.0962@example.com,Canada,15000,ACCT-1002,Global Media
Alex,Green,555-2963,alex.green.acctref.0963@example.com,France,20000,ACCT-1003,Northstar Systems
Sam,Taylor,555-2964,sam.taylor.acctref.0964@example.com,UK,7500,ACCT-1004,Blue Ridge Consulting
Chris,Harris,555-2965,chris.harris.acctref.0965@example.com,Germany,15000,ACCT-1005,Vertex Manufacturing
Taylor,King,555-2966,taylor.king.acctref.0966@example.com,US,10000,ACCT-1006,Summit Retail
Jordan,Smith,555-2967,jordan.smith.acctref.0967@example.com,Ireland,10000,ACCT-1007,Pioneer Logistics
Morgan,Martin,555-2968,morgan.martin.acctref.0968@example.com,Australia,20000,ACCT-1008,Brightline Software
Casey,Hall,555-2969,casey.hall.acctref.0969@example.com,Canada,12000,ACCT-1009,Oak & Stone Ltd
Riley,Baker,555-2970,riley.baker.acctref.0970@example.com,France,25000,ACCT-1010,Riverbend Finance
Jamie,Anderson,555-2971,jamie.anderson.acctref.0971@example.com,UK,25000,ACCT-1011,Atlas Healthcare
Avery,Clark,555-2972,avery.clark.acctref.0972@example.com,Germany,20000,ACCT-1012,Cedar Grove Energy
Quinn,Wright,555-2973,quinn.wright.acctref.0973@example.com,US,20000,ACCT-1013,Horizon Education
Drew,Johnson,555-2974,drew.johnson.acctref.0974@example.com,Ireland,7500,ACCT-1014,Silverline Telecom
Cameron,Jackson,555-2975,cameron.jackson.acctref.0975@example.com,Australia,2500,ACCT-1015,Redwood Partners
Reese,Allen,555-2976,reese.allen.acctref.0976@example.com,Canada,10000,ACCT-1016,Maple Leaf Foods
Parker,Adams,555-2977,parker.adams.acctref.0977@example.com,France,5000,ACCT-1017,Urban Peak Design
Rowan,Thomas,555-2978,rowan.thomas.acctref.0978@example.com,UK,30000,ACCT-1018,Keystone Services
Finley,Lewis,555-2979,finley.lewis.acctref.0979@example.com,Germany,25000,ACCT-1019,Lighthouse Labs
Harper,Scott,555-2980,harper.scott.acctref.0980@example.com,US,30000,ACCT-1020,Evergreen Markets
Blake,Brown,555-2981,blake.brown.acctref.0981@example.com,Ireland,2500,ACCT-1001,Acme Corp
Emerson,White,555-2982,emerson.white.acctref.0982@example.com,Australia,7500,ACCT-1002,Global Media
Skyler,Young,555-2983,skyler.young.acctref.0983@example.com,Canada,10000,ACCT-1003,Northstar Systems
Bailey,Doe,555-2984,bailey.doe.acctref.0984@example.com,France,7500,ACCT-1004,Blue Ridge Consulting
Jane,Moore,555-2985,jane.moore.acctref.0985@example.com,UK,10000,ACCT-1005,Vertex Manufacturing
John,Walker,555-2986,john.walker.acctref.0986@example.com,Germany,30000,ACCT-1006,Summit Retail
Alex,Green,555-2987,alex.green.acctref.0987@example.com,US,25000,ACCT-1007,Pioneer Logistics
Sam,Taylor,555-2988,sam.taylor.acctref.0988@example.com,Ireland,15000,ACCT-1008,Brightline Software
Chris,Harris,555-2989,chris.harris.acctref.0989@example.com,Australia,25000,ACCT-1009,Oak & Stone Ltd
Taylor,King,555-2990,taylor.king.acctref.0990@example.com,Canada,20000,ACCT-1010,Riverbend Finance
Jordan,Smith,555-2991,jordan.smith.acctref.0991@example.com,France,10000,ACCT-1011,Atlas Healthcare
Morgan,Martin,555-2992,morgan.martin.acctref.0992@example.com,UK,15000,ACCT-1012,Cedar Grove Energy
Casey,Hall,555-2993,casey.hall.acctref.0993@example.com,Germany,10000,ACCT-1013,Horizon Education
Riley,Baker,555-2994,riley.baker.acctref.0994@example.com,US,5000,ACCT-1014,Silverline Telecom
Jamie,Anderson,555-2995,jamie.anderson.acctref.0995@example.com,Ireland,12000,ACCT-1015,Redwood Partners
Avery,Clark,555-2996,avery.clark.acctref.0996@example.com,Australia,20000,ACCT-1016,Maple Leaf Foods
Quinn,Wright,555-2997,quinn.wright.acctref.0997@example.com,Canada,12000,ACCT-1017,Urban Peak Design
Drew,Johnson,555-2998,drew.johnson.acctref.0998@example.com,France,2500,ACCT-1018,Keystone Services
Cameron,Jackson,555-2999,cameron.jackson.acctref.0999@example.com,UK,30000,ACCT-1019,Lighthouse Labs
Reese,Allen,555-3000,reese.allen.acctref.1000@example.com,Germany,30000,ACCT-1020,Evergreen Markets
Parker,Adams,555-3001,parker.adams.acctref.1001@example.com,US,15000,ACCT-1001,Acme Corp
Rowan,Thomas,555-3002,rowan.thomas.acctref.1002@example.com,Ireland,2500,ACCT-1002,Global Media
Finley,Lewis,555-3003,finley.lewis.acctref.1003@example.com,Australia,10000,ACCT-1003,Northstar Systems
Harper,Scott,555-3004,harper.scott.acctref.1004@example.com,Canada,15000,ACCT-1004,Blue Ridge Consulting
Blake,Brown,555-3005,blake.brown.acctref.1005@example.com,France,15000,ACCT-1005,Vertex Manufacturing
Emerson,White,555-3006,emerson.white.acctref.1006@example.com,UK,5000,ACCT-1006,Summit Retail
Skyler,Young,555-3007,skyler.young.acctref.1007@example.com,Germany,20000,ACCT-1007,Pioneer Logistics
Bailey,Doe,555-3008,bailey.doe.acctref.1008@example.com,US,20000,ACCT-1008,Brightline Software
Jane,Moore,555-3009,jane.moore.acctref.1009@example.com,Ireland,15000,ACCT-1009,Oak & Stone Ltd
John,Walker,555-3010,john.walker.acctref.1010@example.com,Australia,12000,ACCT-1010,Riverbend Finance
Alex,Green,555-3011,alex.green.acctref.1011@example.com,Canada,10000,ACCT-1011,Atlas Healthcare
Sam,Taylor,555-3012,sam.taylor.acctref.1012@example.com,France,12000,ACCT-1012,Cedar Grove Energy
Chris,Harris,555-3013,chris.harris.acctref.1013@example.com,UK,25000,ACCT-1013,Horizon Education
Taylor,King,555-3014,taylor.king.acctref.1014@example.com,Germany,10000,ACCT-1014,Silverline Telecom
Jordan,Smith,555-3015,jordan.smith.acctref.1015@example.com,US,20000,ACCT-1015,Redwood Partners
Morgan,Martin,555-3016,morgan.martin.acctref.1016@example.com,Ireland,2500,ACCT-1016,Maple Leaf Foods
Casey,Hall,555-3017,casey.hall.acctref.1017@example.com,Australia,12000,ACCT-1017,Urban Peak Design
Riley,Baker,555-3018,riley.baker.acctref.1018@example.com,Canada,2500,ACCT-1018,Keystone Services
Jamie,Anderson,555-3019,jamie.anderson.acctref.1019@example.com,France,10000,ACCT-1019,Lighthouse Labs
Avery,Clark,555-3020,avery.clark.acctref.1020@example.com,UK,2500,ACCT-1020,Evergreen Markets
Quinn,Wright,555-3021,quinn.wright.acctref.1021@example.com,Germany,20000,ACCT-1001,Acme Corp
Drew,Johnson,555-3022,drew.johnson.acctref.1022@example.com,US,2500,ACCT-1002,Global Media
Cameron,Jackson,555-3023,cameron.jackson.acctref.1023@example.com,Ireland,25000,ACCT-1003,Northstar Systems
Reese,Allen,555-3024,reese.allen.acctref.1024@example.com,Australia,7500,ACCT-1004,Blue Ridge Consulting
Parker,Adams,555-3025,parker.adams.acctref.1025@example.com,Canada,20000,ACCT-1005,Vertex Manufacturing
Rowan,Thomas,555-3026,rowan.thomas.acctref.1026@example.com,France,5000,ACCT-1006,Summit Retail
Finley,Lewis,555-3027,finley.lewis.acctref.1027@example.com,UK,5000,ACCT-1007,Pioneer Logistics
Harper,Scott,555-3028,harper.scott.acctref.1028@example.com,Germany,25000,ACCT-1008,Brightline Software
Blake,Brown,555-3029,blake.brown.acctref.1029@example.com,US,2500,ACCT-1009,Oak & Stone Ltd
Emerson,White,555-3030,emerson.white.acctref.1030@example.com,Ireland,15000,ACCT-1010,Riverbend Finance
Skyler,Young,555-3031,skyler.young.acctref.1031@example.com,Australia,12000,ACCT-1011,Atlas Healthcare
Bailey,Doe,555-3032,bailey.doe.acctref.1032@example.com,Canada,25000,ACCT-1012,Cedar Grove Energy
Jane,Moore,555-3033,jane.moore.acctref.1033@example.com,France,5000,ACCT-1013,Horizon Education
John,Walker,555-3034,john.walker.acctref.1034@example.com,UK,5000,ACCT-1014,Silverline Telecom
Alex,Green,555-3035,alex.green.acctref.1035@example.com,Germany,2500,ACCT-1015,Redwood Partners
Sam,Taylor,555-3036,sam.taylor.acctref.1036@example.com,US,20000,ACCT-1016,Maple Leaf Foods
Chris,Harris,555-3037,chris.harris.acctref.1037@example.com,Ireland,5000,ACCT-1017,Urban Peak Design
Taylor,King,555-3038,taylor.king.acctref.1038@example.com,Australia,12000,ACCT-1018,Keystone Services
Jordan,Smith,555-3039,jordan.smith.acctref.1039@example.com,Canada,25000,ACCT-1019,Lighthouse Labs
Morgan,Martin,555-3040,morgan.martin.acctref.1040@example.com,France,20000,ACCT-1020,Evergreen Markets
Casey,Hall,555-3041,casey.hall.acctref.1041@example.com,UK,15000,ACCT-1001,Acme Corp
Riley,Baker,555-3042,riley.baker.acctref.1042@example.com,Germany,12000,ACCT-1002,Global Media
Jamie,Anderson,555-3043,jamie.anderson.acctref.1043@example.com,US,30000,ACCT-1003,Northstar Systems
Avery,Clark,555-3044,avery.clark.acctref.1044@example.com,Ireland,7500,ACCT-1004,Blue Ridge Consulting
Quinn,Wright,555-3045,quinn.wright.acctref.1045@example.com,Australia,7500,ACCT-1005,Vertex Manufacturing
Drew,Johnson,555-3046,drew.johnson.acctref.1046@example.com,Canada,7500,ACCT-1006,Summit Retail
Cameron,Jackson,555-3047,cameron.jackson.acctref.1047@example.com,France,2500,ACCT-1007,Pioneer Logistics
Reese,Allen,555-3048,reese.allen.acctref.1048@example.com,UK,12000,ACCT-1008,Brightline Software
Parker,Adams,555-3049,parker.adams.acctref.1049@example.com,Germany,2500,ACCT-1009,Oak & Stone Ltd
Rowan,Thomas,555-3050,rowan.thomas.acctref.1050@example.com,US,15000,ACCT-1010,Riverbend Finance
Finley,Lewis,555-3051,finley.lewis.acctref.1051@example.com,Ireland,2500,ACCT-1011,Atlas Healthcare
Harper,Scott,555-3052,harper.scott.acctref.1052@example.com,Australia,20000,ACCT-1012,Cedar Grove Energy
Blake,Brown,555-3053,blake.brown.acctref.1053@example.com,Canada,5000,ACCT-1013,Horizon Education
Emerson,White,555-3054,emerson.white.acctref.1054@example.com,France,30000,ACCT-1014,Silverline Telecom
Skyler,Young,555-3055,skyler.young.acctref.1055@example.com,UK,30000,ACCT-1015,Redwood Partners
Bailey,Doe,555-3056,bailey.doe.acctref.1056@example.com,Germany,25000,ACCT-1016,Maple Leaf Foods
Jane,Moore,555-3057,jane.moore.acctref.1057@example.com,US,25000,ACCT-1017,Urban Peak Design
John,Walker,555-3058,john.walker.acctref.1058@example.com,Ireland,20000,ACCT-1018,Keystone Services
Alex,Green,555-3059,alex.green.acctref.1059@example.com,Australia,15000,ACCT-1019,Lighthouse Labs
Sam,Taylor,555-3060,sam.taylor.acctref.1060@example.com,Canada,10000,ACCT-1020,Evergreen Markets
Chris,Harris,555-3061,chris.harris.acctref.1061@example.com,France,10000,ACCT-1001,Acme Corp
Taylor,King,555-3062,taylor.king.acctref.1062@example.com,UK,7500,ACCT-1002,Global Media
Jordan,Smith,555-3063,jordan.smith.acctref.1063@example.com,Germany,7500,ACCT-1003,Northstar Systems
Morgan,Martin,555-3064,morgan.martin.acctref.1064@example.com,US,20000,ACCT-1004,Blue Ridge Consulting
Casey,Hall,555-3065,casey.hall.acctref.1065@example.com,Ireland,12000,ACCT-1005,Vertex Manufacturing
Riley,Baker,555-3066,riley.baker.acctref.1066@example.com,Australia,12000,ACCT-1006,Summit Retail
Jamie,Anderson,555-3067,jamie.anderson.acctref.1067@example.com,Canada,2500,ACCT-1007,Pioneer Logistics
Avery,Clark,555-3068,avery.clark.acctref.1068@example.com,France,10000,ACCT-1008,Brightline Software
Quinn,Wright,555-3069,quinn.wright.acctref.1069@example.com,UK,20000,ACCT-1009,Oak & Stone Ltd
Drew,Johnson,555-3070,drew.johnson.acctref.1070@example.com,Germany,10000,ACCT-1010,Riverbend Finance
Cameron,Jackson,555-3071,cameron.jackson.acctref.1071@example.com,US,12000,ACCT-1011,Atlas Healthcare
Reese,Allen,555-3072,reese.allen.acctref.1072@example.com,Ireland,30000,ACCT-1012,Cedar Grove Energy
Parker,Adams,555-3073,parker.adams.acctref.1073@example.com,Australia,10000,ACCT-1013,Horizon Education
Rowan,Thomas,555-3074,rowan.thomas.acctref.1074@example.com,Canada,2500,ACCT-1014,Silverline Telecom
Finley,Lewis,555-3075,finley.lewis.acctref.1075@example.com,France,25000,ACCT-1015,Redwood Partners
Harper,Scott,555-3076,harper.scott.acctref.1076@example.com,UK,30000,ACCT-1016,Maple Leaf Foods
Blake,Brown,555-3077,blake.brown.acctref.1077@example.com,Germany,5000,ACCT-1017,Urban Peak Design
Emerson,White,555-3078,emerson.white.acctref.1078@example.com,US,20000,ACCT-1018,Keystone Services
Skyler,Young,555-3079,skyler.young.acctref.1079@example.com,Ireland,30000,ACCT-1019,Lighthouse Labs
Bailey,Doe,555-3080,bailey.doe.acctref.1080@example.com,Australia,12000,ACCT-1020,Evergreen Markets
Jane,Moore,555-3081,jane.moore.acctref.1081@example.com,Canada,20000,ACCT-1001,Acme Corp
John,Walker,555-3082,john.walker.acctref.1082@example.com,France,30000,ACCT-1002,Global Media
Alex,Green,555-3083,alex.green.acctref.1083@example.com,UK,20000,ACCT-1003,Northstar Systems
Sam,Taylor,555-3084,sam.taylor.acctref.1084@example.com,Germany,15000,ACCT-1004,Blue Ridge Consulting
Chris,Harris,555-3085,chris.harris.acctref.1085@example.com,US,12000,ACCT-1005,Vertex Manufacturing
Taylor,King,555-3086,taylor.king.acctref.1086@example.com,Ireland,7500,ACCT-1006,Summit Retail
Jordan,Smith,555-3087,jordan.smith.acctref.1087@example.com,Australia,20000,ACCT-1007,Pioneer Logistics
Morgan,Martin,555-3088,morgan.martin.acctref.1088@example.com,Canada,2500,ACCT-1008,Brightline Software
Casey,Hall,555-3089,casey.hall.acctref.1089@example.com,France,5000,ACCT-1009,Oak & Stone Ltd
Riley,Baker,555-3090,riley.baker.acctref.1090@example.com,UK,2500,ACCT-1010,Riverbend Finance
Jamie,Anderson,555-3091,jamie.anderson.acctref.1091@example.com,Germany,7500,ACCT-1011,Atlas Healthcare
Avery,Clark,555-3092,avery.clark.acctref.1092@example.com,US,15000,ACCT-1012,Cedar Grove Energy
Quinn,Wright,555-3093,quinn.wright.acctref.1093@example.com,Ireland,25000,ACCT-1013,Horizon Education
Drew,Johnson,555-3094,drew.johnson.acctref.1094@example.com,Australia,25000,ACCT-1014,Silverline Telecom
Cameron,Jackson,555-3095,cameron.jackson.acctref.1095@example.com,Canada,7500,ACCT-1015,Redwood Partners
Reese,Allen,555-3096,reese.allen.acctref.1096@example.com,France,15000,ACCT-1016,Maple Leaf Foods
Parker,Adams,555-3097,parker.adams.acctref.1097@example.com,UK,7500,ACCT-1017,Urban Peak Design
Rowan,Thomas,555-3098,rowan.thomas.acctref.1098@example.com,Germany,25000,ACCT-1018,Keystone Services
Finley,Lewis,555-3099,finley.lewis.acctref.1099@example.com,US,5000,ACCT-1019,Lighthouse Labs
Harper,Scott,555-3100,harper.scott.acctref.1100@example.com,Ireland,25000,ACCT-1020,Evergreen Markets
Blake,Brown,555-3101,blake.brown.acctref.1101@example.com,Australia,2500,ACCT-1001,Acme Corp
Emerson,White,555-3102,emerson.white.acctref.1102@example.com,Canada,25000,ACCT-1002,Global Media
Skyler,Young,555-3103,skyler.young.acctref.1103@example.com,France,5000,ACCT-1003,Northstar Systems
Bailey,Doe,555-3104,bailey.doe.acctref.1104@example.com,UK,25000,ACCT-1004,Blue Ridge Consulting
Jane,Moore,555-3105,jane.moore.acctref.1105@example.com,Germany,5000,ACCT-1005,Vertex Manufacturing
John,Walker,555-3106,john.walker.acctref.1106@example.com,US,12000,ACCT-1006,Summit Retail
Alex,Green,555-3107,alex.green.acctref.1107@example.com,Ireland,30000,ACCT-1007,Pioneer Logistics
Sam,Taylor,555-3108,sam.taylor.acctref.1108@example.com,Australia,30000,ACCT-1008,Brightline Software
Chris,Harris,555-3109,chris.harris.acctref.1109@example.com,Canada,10000,ACCT-1009,Oak & Stone Ltd
Taylor,King,555-3110,taylor.king.acctref.1110@example.com,France,30000,ACCT-1010,Riverbend Finance
Jordan,Smith,555-3111,jordan.smith.acctref.1111@example.com,UK,7500,ACCT-1011,Atlas Healthcare
Morgan,Martin,555-3112,morgan.martin.acctref.1112@example.com,Germany,10000,ACCT-1012,Cedar Grove Energy
Casey,Hall,555-3113,casey.hall.acctref.1113@example.com,US,2500,ACCT-1013,Horizon Education
Riley,Baker,555-3114,riley.baker.acctref.1114@example.com,Ireland,25000,ACCT-1014,Silverline Telecom
Jamie,Anderson,555-3115,jamie.anderson.acctref.1115@example.com,Australia,20000,ACCT-1015,Redwood Partners
Avery,Clark,555-3116,avery.clark.acctref.1116@example.com,Canada,7500,ACCT-1016,Maple Leaf Foods
Quinn,Wright,555-3117,quinn.wright.acctref.1117@example.com,France,7500,ACCT-1017,Urban Peak Design
Drew,Johnson,555-3118,drew.johnson.acctref.1118@example.com,UK,10000,ACCT-1018,Keystone Services
Cameron,Jackson,555-3119,cameron.jackson.acctref.1119@example.com,Germany,20000,ACCT-1019,Lighthouse Labs
Reese,Allen,555-3120,reese.allen.acctref.1120@example.com,US,5000,ACCT-1020,Evergreen Markets
Parker,Adams,555-3121,parker.adams.acctref.1121@example.com,Ireland,10000,ACCT-1001,Acme Corp
Rowan,Thomas,555-3122,rowan.thomas.acctref.1122@example.com,Australia,20000,ACCT-1002,Global Media
Finley,Lewis,555-3123,finley.lewis.acctref.1123@example.com,Canada,2500,ACCT-1003,Northstar Systems
Harper,Scott,555-3124,harper.scott.acctref.1124@example.com,France,2500,ACCT-1004,Blue Ridge Consulting
Blake,Brown,555-3125,blake.brown.acctref.1125@example.com,UK,20000,ACCT-1005,Vertex Manufacturing
Emerson,White,555-3126,emerson.white.acctref.1126@example.com,Germany,20000,ACCT-1006,Summit Retail
Skyler,Young,555-3127,skyler.young.acctref.1127@example.com,US,2500,ACCT-1007,Pioneer Logistics
Bailey,Doe,555-3128,bailey.doe.acctref.1128@example.com,Ireland,2500,ACCT-1008,Brightline Software
Jane,Moore,555-3129,jane.moore.acctref.1129@example.com,Australia,25000,ACCT-1009,Oak & Stone Ltd
John,Walker,555-3130,john.walker.acctref.1130@example.com,Canada,25000,ACCT-1010,Riverbend Finance
Alex,Green,555-3131,alex.green.acctref.1131@example.com,France,7500,ACCT-1011,Atlas Healthcare
Sam,Taylor,555-3132,sam.taylor.acctref.1132@example.com,UK,12000,ACCT-1012,Cedar Grove Energy
Chris,Harris,555-3133,chris.harris.acctref.1133@example.com,Germany,10000,ACCT-1013,Horizon Education
Taylor,King,555-3134,taylor.king.acctref.1134@example.com,US,30000,ACCT-1014,Silverline Telecom
Jordan,Smith,555-3135,jordan.smith.acctref.1135@example.com,Ireland,30000,ACCT-1015,Redwood Partners
Morgan,Martin,555-3136,morgan.martin.acctref.1136@example.com,Australia,5000,ACCT-1016,Maple Leaf Foods
Casey,Hall,555-3137,casey.hall.acctref.1137@example.com,Canada,15000,ACCT-1017,Urban Peak Design
Riley,Baker,555-3138,riley.baker.acctref.1138@example.com,France,2500,ACCT-1018,Keystone Services
Jamie,Anderson,555-3139,jamie.anderson.acctref.1139@example.com,UK,2500,ACCT-1019,Lighthouse Labs
Avery,Clark,555-3140,avery.clark.acctref.1140@example.com,Germany,30000,ACCT-1020,Evergreen Markets
Quinn,Wright,555-3141,quinn.wright.acctref.1141@example.com,US,5000,ACCT-1001,Acme Corp
Drew,Johnson,555-3142,drew.johnson.acctref.1142@example.com,Ireland,15000,ACCT-1002,Global Media
Cameron,Jackson,555-3143,cameron.jackson.acctref.1143@example.com,Australia,2500,ACCT-1003,Northstar Systems
Reese,Allen,555-3144,reese.allen.acctref.1144@example.com,Canada,7500,ACCT-1004,Blue Ridge Consulting
Parker,Adams,555-3145,parker.adams.acctref.1145@example.com,France,25000,ACCT-1005,Vertex Manufacturing
Rowan,Thomas,555-3146,rowan.thomas.acctref.1146@example.com,UK,15000,ACCT-1006,Summit Retail
Finley,Lewis,555-3147,finley.lewis.acctref.1147@example.com,Germany,12000,ACCT-1007,Pioneer Logistics
Harper,Scott,555-3148,harper.scott.acctref.1148@example.com,US,2500,ACCT-1008,Brightline Software
Blake,Brown,555-3149,blake.brown.acctref.1149@example.com,Ireland,10000,ACCT-1009,Oak & Stone Ltd
Emerson,White,555-3150,emerson.white.acctref.1150@example.com,Australia,5000,ACCT-1010,Riverbend Finance
Skyler,Young,555-3151,skyler.young.acctref.1151@example.com,Canada,10000,ACCT-1011,Atlas Healthcare
Bailey,Doe,555-3152,bailey.doe.acctref.1152@example.com,France,15000,ACCT-1012,Cedar Grove Energy
Jane,Moore,555-3153,jane.moore.acctref.1153@example.com,UK,30000,ACCT-1013,Horizon Education
John,Walker,555-3154,john.walker.acctref.1154@example.com,Germany,15000,ACCT-1014,Silverline Telecom
Alex,Green,555-3155,alex.green.acctref.1155@example.com,US,20000,ACCT-1015,Redwood Partners
Sam,Taylor,555-3156,sam.taylor.acctref.1156@example.com,Ireland,25000,ACCT-1016,Maple Leaf Foods
Chris,Harris,555-3157,chris.harris.acctref.1157@example.com,Australia,10000,ACCT-1017,Urban Peak Design
Taylor,King,555-3158,taylor.king.acctref.1158@example.com,Canada,7500,ACCT-1018,Keystone Services
Jordan,Smith,555-3159,jordan.smith.acctref.1159@example.com,France,5000,ACCT-1019,Lighthouse Labs
Morgan,Martin,555-3160,morgan.martin.acctref.1160@example.com,UK,12000,ACCT-1020,Evergreen Markets
Casey,Hall,555-3161,casey.hall.acctref.1161@example.com,Germany,25000,ACCT-1001,Acme Corp
Riley,Baker,555-3162,riley.baker.acctref.1162@example.com,US,12000,ACCT-1002,Global Media
Jamie,Anderson,555-3163,jamie.anderson.acctref.1163@example.com,Ireland,10000,ACCT-1003,Northstar Systems
Avery,Clark,555-3164,avery.clark.acctref.1164@example.com,Australia,20000,ACCT-1004,Blue Ridge Consulting
Quinn,Wright,555-3165,quinn.wright.acctref.1165@example.com,Canada,2500,ACCT-1005,Vertex Manufacturing
Drew,Johnson,555-3166,drew.johnson.acctref.1166@example.com,France,30000,ACCT-1006,Summit Retail
Cameron,Jackson,555-3167,cameron.jackson.acctref.1167@example.com,UK,12000,ACCT-1007,Pioneer Logistics
Reese,Allen,555-3168,reese.allen.acctref.1168@example.com,Germany,7500,ACCT-1008,Brightline Software
Parker,Adams,555-3169,parker.adams.acctref.1169@example.com,US,12000,ACCT-1009,Oak & Stone Ltd
Rowan,Thomas,555-3170,rowan.thomas.acctref.1170@example.com,Ireland,20000,ACCT-1010,Riverbend Finance
Finley,Lewis,555-3171,finley.lewis.acctref.1171@example.com,Australia,25000,ACCT-1011,Atlas Healthcare
Harper,Scott,555-3172,harper.scott.acctref.1172@example.com,Canada,25000,ACCT-1012,Cedar Grove Energy
Blake,Brown,555-3173,blake.brown.acctref.1173@example.com,France,7500,ACCT-1013,Horizon Education
Emerson,White,555-3174,emerson.white.acctref.1174@example.com,UK,20000,ACCT-1014,Silverline Telecom
Skyler,Young,555-3175,skyler.young.acctref.1175@example.com,Germany,15000,ACCT-1015,Redwood Partners
Bailey,Doe,555-3176,bailey.doe.acctref.1176@example.com,US,10000,ACCT-1016,Maple Leaf Foods
Jane,Moore,555-3177,jane.moore.acctref.1177@example.com,Ireland,10000,ACCT-1017,Urban Peak Design
John,Walker,555-3178,john.walker.acctref.1178@example.com,Australia,20000,ACCT-1018,Keystone Services
Alex,Green,555-3179,alex.green.acctref.1179@example.com,Canada,2500,ACCT-1019,Lighthouse Labs
Sam,Taylor,555-3180,sam.taylor.acctref.1180@example.com,France,12000,ACCT-1020,Evergreen Markets
Chris,Harris,555-3181,chris.harris.acctref.1181@example.com,UK,2500,ACCT-1001,Acme Corp
Taylor,King,555-3182,taylor.king.acctref.1182@example.com,Germany,2500,ACCT-1002,Global Media
Jordan,Smith,555-3183,jordan.smith.acctref.1183@example.com,US,5000,ACCT-1003,Northstar Systems
Morgan,Martin,555-3184,morgan.martin.acctref.1184@example.com,Ireland,15000,ACCT-1004,Blue Ridge Consulting
Casey,Hall,555-3185,casey.hall.acctref.1185@example.com,Australia,2500,ACCT-1005,Vertex Manufacturing
Riley,Baker,555-3186,riley.baker.acctref.1186@example.com,Canada,2500,ACCT-1006,Summit Retail
Jamie,Anderson,555-3187,jamie.anderson.acctref.1187@example.com,France,7500,ACCT-1007,Pioneer Logistics
Avery,Clark,555-3188,avery.clark.acctref.1188@example.com,UK,5000,ACCT-1008,Brightline Software
Quinn,Wright,555-3189,quinn.wright.acctref.1189@example.com,Germany,7500,ACCT-1009,Oak & Stone Ltd
Drew,Johnson,555-3190,drew.johnson.acctref.1190@example.com,US,30000,ACCT-1010,Riverbend Finance
Cameron,Jackson,555-3191,cameron.jackson.acctref.1191@example.com,Ireland,20000,ACCT-1011,Atlas Healthcare
Reese,Allen,555-3192,reese.allen.acctref.1192@example.com,Australia,5000,ACCT-1012,Cedar Grove Energy
Parker,Adams,555-3193,parker.adams.acctref.1193@example.com,Canada,25000,ACCT-1013,Horizon Education
Rowan,Thomas,555-3194,rowan.thomas.acctref.1194@example.com,France,12000,ACCT-1014,Silverline Telecom
Finley,Lewis,555-3195,finley.lewis.acctref.1195@example.com,UK,12000,ACCT-1015,Redwood Partners
Harper,Scott,555-3196,harper.scott.acctref.1196@example.com,Germany,15000,ACCT-1016,Maple Leaf Foods
Blake,Brown,555-3197,blake.brown.acctref.1197@example.com,US,2500,ACCT-1017,Urban Peak Design
Emerson,White,555-3198,emerson.white.acctref.1198@example.com,Ireland,12000,ACCT-1018,Keystone Services
Skyler,Young,555-3199,skyler.young.acctref.1199@example.com,Australia,15000,ACCT-1019,Lighthouse Labs
Bailey,Doe,555-3200,bailey.doe.acctref.1200@example.com,Canada,15000,ACCT-1020,Evergreen Markets
